2025-11-29 01:06 - INFO - 
iter_no = 00, valid_scores = [39.0, 38.46, 38.37, 36.86]
2025-11-29 01:06 - INFO - --------------------------------------------------------------------------------
2025-11-29 01:06 - INFO - init_valid_score = 39.00
2025-11-29 01:06 - INFO - best_valid_score = 39.00 [ *** BEST *** ]
2025-11-29 01:06 - INFO - --------------------------------------------------------------------------------
2025-11-29 01:06 - INFO - best_instructions = [
    "Identify and correct any grammatical errors in the given sentence, including the proper use of punctuation, capitalization, and sentence structure according to standard written English conventions.",
    "Improve the given sentence by correcting grammatical errors and enhancing clarity, which may include rephrasing or restructuring, while preserving the original meaning. Return the revised sentence.",
    "Revise the sentence to enhance clarity and grammatical accuracy by removing unnecessary definite articles before plural generic nouns and adding appropriate punctuation, such as commas before coordinating conjunctions, as needed."
]
2025-11-29 01:06 - INFO - --------------------------------------------------------------------------------
2025-11-29 01:06 - INFO - instructions pool after beam search, above average and generic algorithm: 
2025-11-29 01:06 - INFO - instruction 0: [
    "Identify and correct any grammatical errors in the given sentence, including the proper use of punctuation, capitalization, and sentence structure according to standard written English conventions.",
    "Improve the given sentence by correcting grammatical errors and enhancing clarity, which may include rephrasing or restructuring, while preserving the original meaning. Return the revised sentence.",
    "Revise the sentence to enhance clarity and grammatical accuracy by removing unnecessary definite articles before plural generic nouns and adding appropriate punctuation, such as commas before coordinating conjunctions, as needed."
]
2025-11-29 01:06 - INFO - instruction 1: [
    "Revise the sentence to improve grammatical accuracy and naturalness by correcting punctuation, capitalization, and word choice, including adjustments for clarity and stylistic consistency.",
    "Identify and correct errors in punctuation, sentence segmentation (including splitting run-on sentences), capitalization, and conjunction usage to produce clear, well-structured text composed of properly formed sentences.",
    "Identify and correct all grammatical errors in the given sentence, including issues related to word usage, verb agreement, tense consistency, and punctuation, while preserving the sentence's original meaning and overall structure. Provide the fully corrected sentence as output."
]
2025-11-29 01:10 - INFO - improved instructions pool: 
2025-11-29 01:10 - INFO - instruction 0: [
    "Identify and correct any grammatical errors in the given sentence, including the proper use of punctuation, capitalization, and sentence structure according to standard written English conventions.",
    "Improve the given sentence by correcting grammatical errors and enhancing clarity, which may include rephrasing or restructuring, while preserving the original meaning. Return the revised sentence.",
    "When correcting and improving sentences, preserve the original wording and phrase choices as much as possible while fixing grammar and clarity, avoiding unnecessary rewording or additions. Match punctuation and capitalization exactly as in the input except where clearly incorrect, and retain specific expressions and tense to minimize differences.",
    "Revise the sentence to enhance clarity and grammatical accuracy by removing unnecessary definite articles before plural generic nouns and adding appropriate punctuation, such as commas before coordinating conjunctions, as needed."
]
2025-11-29 01:10 - INFO - instruction 1: [
    "Ensure that sentence revisions retain all original expressions and phrasing unless they contain clear grammatical errors, avoiding unnecessary rewording or stylistic changes. Preserve the original sentence structure and specific terminology, including quotation marks and prepositions, to maintain fidelity to the input text.",
    "Revise the sentence to improve grammatical accuracy and naturalness by correcting punctuation, capitalization, and word choice, including adjustments for clarity and stylistic consistency.",
    "Identify and correct errors in punctuation, sentence segmentation (including splitting run-on sentences), capitalization, and conjunction usage to produce clear, well-structured text composed of properly formed sentences.",
    "Identify and correct all grammatical errors in the given sentence, including issues related to word usage, verb agreement, tense consistency, and punctuation, while preserving the sentence's original meaning and overall structure. Provide the fully corrected sentence as output."
]
2025-11-29 01:10 - INFO - rephrased instructions pool: 
2025-11-29 01:10 - INFO - instruction 0: [
    "Locate and fix any grammatical mistakes in the provided sentence, ensuring correct punctuation, capitalization, and sentence structure following standard written English rules.",
    "Enhance the given sentence by fixing grammatical mistakes and improving clarity through rephrasing or restructuring, without changing its original meaning. Provide the corrected version.",
    "Edit the sentence to improve clarity and grammar by eliminating unnecessary definite articles before plural generic nouns and inserting proper punctuation, like commas before coordinating conjunctions, where required."
]
2025-11-29 01:10 - INFO - instruction 1: [
    "Edit the sentence to enhance grammatical correctness and natural flow by fixing punctuation, capitalization, and word choice, while ensuring clarity and consistent style.",
    "Detect and fix mistakes in punctuation, sentence boundaries (such as run-on sentences), capitalization, and conjunction use to create clear, well-organized text with correctly formed sentences.",
    "Detect and fix all grammatical mistakes in the provided sentence, addressing word choice, verb agreement, tense consistency, and punctuation, without altering its original meaning or structure. Output the complete corrected sentence."
]
2025-11-29 01:10 - INFO - instruction 2: [
    "Locate and fix any grammatical mistakes in the provided sentence, ensuring correct punctuation, capitalization, and sentence structure following standard written English rules.",
    "Revise the provided sentence to fix grammatical mistakes and improve clarity through rephrasing or restructuring, ensuring the original meaning remains intact. Return the improved sentence.",
    "Improve the sentence\u2019s clarity and grammar by eliminating unnecessary definite articles before plural generic nouns and inserting proper punctuation, like commas before coordinating conjunctions, where necessary."
]
2025-11-29 01:10 - INFO - instruction 3: [
    "Edit the sentence to enhance grammatical correctness and natural flow by fixing punctuation, capitalization, and word choice, while ensuring clarity and consistent style.",
    "Locate and fix mistakes in punctuation, sentence boundaries (such as run-on sentences), capitalization, and conjunctions to create clear and well-organized text with correctly structured sentences.",
    "Detect and fix all grammatical mistakes in the provided sentence\u2014covering word choice, verb agreement, tense consistency, and punctuation\u2014without changing its original meaning or overall structure. Output the completely corrected sentence."
]
2025-11-29 01:10 - INFO - permuted instructions pool: 
2025-11-29 01:10 - INFO - instruction 0: [
    "Improve the given sentence by correcting grammatical errors and enhancing clarity, which may include rephrasing or restructuring, while preserving the original meaning. Return the revised sentence.",
    "Revise the sentence to enhance clarity and grammatical accuracy by removing unnecessary definite articles before plural generic nouns and adding appropriate punctuation, such as commas before coordinating conjunctions, as needed.",
    "Identify and correct any grammatical errors in the given sentence, including the proper use of punctuation, capitalization, and sentence structure according to standard written English conventions."
]
2025-11-29 01:10 - INFO - instruction 1: [
    "Identify and correct all grammatical errors in the given sentence, including issues related to word usage, verb agreement, tense consistency, and punctuation, while preserving the sentence's original meaning and overall structure. Provide the fully corrected sentence as output.",
    "Identify and correct errors in punctuation, sentence segmentation (including splitting run-on sentences), capitalization, and conjunction usage to produce clear, well-structured text composed of properly formed sentences.",
    "Revise the sentence to improve grammatical accuracy and naturalness by correcting punctuation, capitalization, and word choice, including adjustments for clarity and stylistic consistency."
]
2025-11-29 01:11 - INFO - 
iter_no = 01, valid_scores = [46.489999999999995, 45.15, 43.66, 43.29, 42.02, 39.61, 37.1, 36.78, 36.24, 35.8]
2025-11-29 01:11 - INFO - --------------------------------------------------------------------------------
2025-11-29 01:11 - INFO - init_valid_score = 39.00
2025-11-29 01:11 - INFO - best_valid_score = 46.49 [ *** BEST *** ]
2025-11-29 01:11 - INFO - --------------------------------------------------------------------------------
2025-11-29 01:11 - INFO - best_instructions = [
    "Ensure that sentence revisions retain all original expressions and phrasing unless they contain clear grammatical errors, avoiding unnecessary rewording or stylistic changes. Preserve the original sentence structure and specific terminology, including quotation marks and prepositions, to maintain fidelity to the input text.",
    "Revise the sentence to improve grammatical accuracy and naturalness by correcting punctuation, capitalization, and word choice, including adjustments for clarity and stylistic consistency.",
    "Identify and correct errors in punctuation, sentence segmentation (including splitting run-on sentences), capitalization, and conjunction usage to produce clear, well-structured text composed of properly formed sentences.",
    "Identify and correct all grammatical errors in the given sentence, including issues related to word usage, verb agreement, tense consistency, and punctuation, while preserving the sentence's original meaning and overall structure. Provide the fully corrected sentence as output."
]
2025-11-29 01:11 - INFO - --------------------------------------------------------------------------------
2025-11-29 01:11 - INFO - instructions pool after beam search, above average and generic algorithm: 
2025-11-29 01:11 - INFO - instruction 0: [
    "Identify and correct all grammatical errors in the given sentence, including issues related to word usage, verb agreement, tense consistency, and punctuation, while preserving the sentence's original meaning and overall structure. Provide the fully corrected sentence as output.",
    "Identify and correct errors in punctuation, sentence segmentation (including splitting run-on sentences), capitalization, and conjunction usage to produce clear, well-structured text composed of properly formed sentences.",
    "Revise the sentence to improve grammatical accuracy and naturalness by correcting punctuation, capitalization, and word choice, including adjustments for clarity and stylistic consistency."
]
2025-11-29 01:11 - INFO - instruction 1: [
    "Edit the sentence to enhance grammatical correctness and natural flow by fixing punctuation, capitalization, and word choice, while ensuring clarity and consistent style.",
    "Locate and fix mistakes in punctuation, sentence boundaries (such as run-on sentences), capitalization, and conjunctions to create clear and well-organized text with correctly structured sentences.",
    "Detect and fix all grammatical mistakes in the provided sentence\u2014covering word choice, verb agreement, tense consistency, and punctuation\u2014without changing its original meaning or overall structure. Output the completely corrected sentence."
]
2025-11-29 01:18 - INFO - 
iter_no = 00, valid_scores = [44.62, 43.419999999999995, 42.230000000000004, 42.01]
2025-11-29 01:18 - INFO - --------------------------------------------------------------------------------
2025-11-29 01:18 - INFO - init_valid_score = 44.62
2025-11-29 01:18 - INFO - best_valid_score = 44.62 [ *** BEST *** ]
2025-11-29 01:18 - INFO - --------------------------------------------------------------------------------
2025-11-29 01:18 - INFO - best_instructions = [
    "Review the given sentence and make corrections only if it contains grammatical errors or structural issues, ensuring the final sentence is clear, grammatically correct, and properly organized without altering its original meaning.",
    "Review the sentence to correct grammatical errors, remove unnecessary articles\u2014particularly definite articles before plural common nouns when referring to general groups\u2014and adjust punctuation around conjunctions as appropriate to ensure clear, natural, and smoothly flowing text.",
    "Revise the sentence to correct grammatical errors, improve punctuation\u2014including separating run-on or comma splice sentences\u2014and enhance word choice for clarity and readability, while preserving the original meaning."
]
2025-11-29 01:18 - INFO - --------------------------------------------------------------------------------
2025-11-29 01:18 - INFO - instructions pool after beam search, above average and generic algorithm: 
2025-11-29 01:18 - INFO - instruction 0: [
    "Review the given sentence and make corrections only if it contains grammatical errors or structural issues, ensuring the final sentence is clear, grammatically correct, and properly organized without altering its original meaning.",
    "Review the sentence to correct grammatical errors, remove unnecessary articles\u2014particularly definite articles before plural common nouns when referring to general groups\u2014and adjust punctuation around conjunctions as appropriate to ensure clear, natural, and smoothly flowing text.",
    "Revise the sentence to correct grammatical errors, improve punctuation\u2014including separating run-on or comma splice sentences\u2014and enhance word choice for clarity and readability, while preserving the original meaning."
]
2025-11-29 01:18 - INFO - instruction 1: [
    "Identify and correct any grammatical errors in the given sentence while preserving its original meaning and intent, ensuring the revised sentence is clear, coherent, and naturally phrased.",
    "Correct the given sentence by fixing punctuation and capitalization errors to enhance grammatical correctness and clarity.",
    "Review the sentence and make any necessary adjustments to improve grammar and natural usage while preserving the original meaning; if the sentence is already correct and natural, it may remain unchanged."
]
2025-11-29 01:18 - INFO - instruction 2: [
    "Review the given sentence and make any necessary corrections to punctuation and formatting to improve its grammatical accuracy, ensuring no changes are made if the sentence is already correct.",
    "Revise the given sentence to correct grammatical errors, enhance clarity, and improve word choice and phrasing for contextual appropriateness, while preserving the original meaning and ensuring proper punctuation and sentence structure.",
    "Identify and correct all grammatical errors in the given sentence, including issues related to punctuation, capitalization, and syntax, while maintaining the original meaning and overall writing style. Provide the corrected version of the sentence."
]
2025-11-29 01:18 - INFO - instruction 3: [
    "Edit the sentence to ensure it adheres to standard English grammar and punctuation while preserving its original meaning and tone; if the sentence is already correct, make no changes.",
    "Revise the given sentence to correct grammatical errors, punctuation, and sentence structure, improve word choice, and enhance overall clarity and fluency, while preserving the original meaning and content.",
    "Identify and correct grammatical errors in the given sentence to produce a fluent, accurate version that preserves the original meaning, punctuation, and sentence structure."
]
2025-11-29 01:25 - INFO - improved instructions pool: 
2025-11-29 01:25 - INFO - instruction 0: [
    "Ensure all corrections strictly adhere to the original sentence's structure and word choice except where absolutely necessary for grammar; avoid introducing synonyms or rephrasing. Retain original verb forms, determiners, and idiomatic expressions as closely as possible while correcting grammar and punctuation.",
    "Identify and correct any grammatical errors in the given sentence while preserving its original meaning and intent, ensuring the revised sentence is clear, coherent, and naturally phrased.",
    "Correct the given sentence by fixing punctuation and capitalization errors to enhance grammatical correctness and clarity.",
    "Review the sentence and make any necessary adjustments to improve grammar and natural usage while preserving the original meaning; if the sentence is already correct and natural, it may remain unchanged."
]
2025-11-29 01:25 - INFO - instruction 1: [
    "Review the given sentence and make any necessary corrections to punctuation and formatting to improve its grammatical accuracy, ensuring no changes are made if the sentence is already correct.",
    "Revise the given sentence to correct grammatical errors, enhance clarity, and improve word choice and phrasing for contextual appropriateness, while preserving the original meaning and ensuring proper punctuation and sentence structure.",
    "When revising sentences, prefer introducing minor structural changes and simple connectors like \"that is\" instead of omitting them, use exact punctuation such as periods to separate independent clauses rather than semicolons, and choose phrasings that closely match natural expressions including verb forms and prepositions. Maintain the original sentence style by avoiding contractions or paraphrases that alter word choice or clause order unnecessarily.",
    "Identify and correct all grammatical errors in the given sentence, including issues related to punctuation, capitalization, and syntax, while maintaining the original meaning and overall writing style. Provide the corrected version of the sentence."
]
2025-11-29 01:25 - INFO - instruction 2: [
    "Edit the sentence to ensure it adheres to standard English grammar and punctuation while preserving its original meaning and tone; if the sentence is already correct, make no changes.",
    "Revise the given sentence to correct grammatical errors, punctuation, and sentence structure, improve word choice, and enhance overall clarity and fluency, while preserving the original meaning and content.",
    "Identify and correct grammatical errors in the given sentence to produce a fluent, accurate version that preserves the original meaning, punctuation, and sentence structure.",
    "When correcting sentences, prioritize dividing complex or run-on sentences into separate sentences and use punctuation marks such as periods instead of semicolons when appropriate to improve readability while preserving meaning. Ensure spacing and formatting around punctuation and hyphens follow standard conventions exactly."
]
2025-11-29 01:25 - INFO - rephrased instructions pool: 
2025-11-29 01:25 - INFO - instruction 0: [
    "Examine the provided sentence and correct it only if there are grammatical or structural mistakes, ensuring the revised version remains clear, grammatically accurate, and well-organized without changing its original meaning.",
    "Examine the sentence to fix grammatical mistakes, eliminate unnecessary articles\u2014especially definite articles before plural common nouns referring to general groups\u2014and modify punctuation near conjunctions to create clear, natural, and fluid text.",
    "Edit the sentence to fix grammar mistakes, improve punctuation (including splitting run-on or comma splice sentences), and enhance word choice for clarity and readability, without changing its original meaning."
]
2025-11-29 01:25 - INFO - instruction 1: [
    "Detect and fix any grammatical mistakes in the provided sentence, maintaining its original meaning and intent while ensuring the revised version is clear, coherent, and naturally expressed.",
    "Fix the punctuation and capitalization errors in the given sentence to improve its grammatical accuracy and clarity.",
    "Examine the sentence and correct any grammatical errors or awkward phrasing to enhance naturalness while maintaining the original meaning; if it is already clear and correct, leave it as is."
]
2025-11-29 01:25 - INFO - instruction 2: [
    "Examine the provided sentence and correct any punctuation or formatting errors to enhance its grammatical accuracy, leaving it unchanged if it is already correct.",
    "Edit the provided sentence to fix grammatical mistakes, improve clarity, and refine word choice and phrasing for the context, all while maintaining the original meaning and correct punctuation and structure.",
    "Find and fix all grammatical mistakes in the sentence, covering punctuation, capitalization, and syntax, without changing its original meaning or style. Then, present the revised sentence."
]
2025-11-29 01:25 - INFO - instruction 3: [
    "Revise the sentence to conform to standard English grammar and punctuation without altering its original meaning or tone; if it is already correct, leave it unchanged.",
    "Edit the provided sentence to fix grammar, punctuation, and structure issues, improve word choice, and enhance clarity and flow without changing its original meaning or content.",
    "Find and fix any grammatical mistakes in the provided sentence to create a clear, accurate version that retains the original meaning, punctuation, and structure."
]
2025-11-29 01:25 - INFO - instruction 4: [
    "Examine the provided sentence and correct it only if there are grammatical or structural mistakes, making sure the final version remains clear, grammatically accurate, well-organized, and true to the original meaning.",
    "Examine the sentence to fix grammatical mistakes, eliminate unnecessary articles\u2014especially definite articles before plural common nouns referencing general groups\u2014and refine punctuation near conjunctions to achieve clear, natural, and fluid writing.",
    "Edit the sentence to fix grammatical mistakes, improve punctuation (including splitting run-on or comma splice sentences), and enhance word choice for clarity and readability without changing the original meaning."
]
2025-11-29 01:25 - INFO - instruction 5: [
    "Detect and fix any grammatical mistakes in the provided sentence without changing its original meaning, making sure the corrected sentence is clear, coherent, and sounds natural.",
    "Revise the provided sentence by correcting punctuation and capitalization errors to improve its grammatical accuracy and clarity.",
    "Examine the sentence and correct any grammatical or phrasing issues to enhance clarity while maintaining the original meaning; leave it as is if it is already correct and natural."
]
2025-11-29 01:25 - INFO - instruction 6: [
    "Examine the provided sentence and correct any punctuation or formatting errors to enhance its grammatical accuracy, leaving it unchanged if it is already correct.",
    "Edit the provided sentence to fix grammatical mistakes, clarify meaning, and refine word choice and phrasing for context, all while maintaining the original intent and correct punctuation and structure.",
    "Locate and fix all grammatical mistakes in the provided sentence, addressing punctuation, capitalization, and syntax, without changing its meaning or style. Then, present the corrected sentence."
]
2025-11-29 01:25 - INFO - instruction 7: [
    "Revise the sentence to conform to standard English grammar and punctuation without altering its original meaning or tone; if it is already correct, leave it unchanged.",
    "Edit the provided sentence to fix grammatical mistakes, punctuation, and structure, improve vocabulary, and enhance clarity and flow without changing its original meaning or content.",
    "Locate any grammatical mistakes in the provided sentence and correct them to create a clear, accurate version that maintains the original meaning, punctuation, and sentence structure."
]
2025-11-29 01:25 - INFO - permuted instructions pool: 
2025-11-29 01:25 - INFO - instruction 0: [
    "Review the given sentence and make corrections only if it contains grammatical errors or structural issues, ensuring the final sentence is clear, grammatically correct, and properly organized without altering its original meaning.",
    "Revise the sentence to correct grammatical errors, improve punctuation\u2014including separating run-on or comma splice sentences\u2014and enhance word choice for clarity and readability, while preserving the original meaning.",
    "Review the sentence to correct grammatical errors, remove unnecessary articles\u2014particularly definite articles before plural common nouns when referring to general groups\u2014and adjust punctuation around conjunctions as appropriate to ensure clear, natural, and smoothly flowing text."
]
2025-11-29 01:25 - INFO - instruction 1: [
    "Identify and correct any grammatical errors in the given sentence while preserving its original meaning and intent, ensuring the revised sentence is clear, coherent, and naturally phrased.",
    "Review the sentence and make any necessary adjustments to improve grammar and natural usage while preserving the original meaning; if the sentence is already correct and natural, it may remain unchanged.",
    "Correct the given sentence by fixing punctuation and capitalization errors to enhance grammatical correctness and clarity."
]
2025-11-29 01:25 - INFO - instruction 2: [
    "Identify and correct all grammatical errors in the given sentence, including issues related to punctuation, capitalization, and syntax, while maintaining the original meaning and overall writing style. Provide the corrected version of the sentence.",
    "Review the given sentence and make any necessary corrections to punctuation and formatting to improve its grammatical accuracy, ensuring no changes are made if the sentence is already correct.",
    "Revise the given sentence to correct grammatical errors, enhance clarity, and improve word choice and phrasing for contextual appropriateness, while preserving the original meaning and ensuring proper punctuation and sentence structure."
]
2025-11-29 01:25 - INFO - instruction 3: [
    "Edit the sentence to ensure it adheres to standard English grammar and punctuation while preserving its original meaning and tone; if the sentence is already correct, make no changes.",
    "Identify and correct grammatical errors in the given sentence to produce a fluent, accurate version that preserves the original meaning, punctuation, and sentence structure.",
    "Revise the given sentence to correct grammatical errors, punctuation, and sentence structure, improve word choice, and enhance overall clarity and fluency, while preserving the original meaning and content."
]
2025-11-29 01:28 - INFO - 
iter_no = 01, valid_scores = [45.87, 45.58, 45.519999999999996, 44.89, 44.28, 43.99, 43.66, 43.57, 43.36, 43.18, 42.86, 42.72, 41.78, 41.32, 40.9, 40.87, 40.79, 38.31, 37.830000000000005]
2025-11-29 01:28 - INFO - --------------------------------------------------------------------------------
2025-11-29 01:28 - INFO - init_valid_score = 44.62
2025-11-29 01:28 - INFO - best_valid_score = 45.87 [ *** BEST *** ]
2025-11-29 01:28 - INFO - --------------------------------------------------------------------------------
2025-11-29 01:28 - INFO - best_instructions = [
    "Examine the provided sentence and correct any punctuation or formatting errors to enhance its grammatical accuracy, leaving it unchanged if it is already correct.",
    "Edit the provided sentence to fix grammatical mistakes, clarify meaning, and refine word choice and phrasing for context, all while maintaining the original intent and correct punctuation and structure.",
    "Locate and fix all grammatical mistakes in the provided sentence, addressing punctuation, capitalization, and syntax, without changing its meaning or style. Then, present the corrected sentence."
]
2025-11-29 01:28 - INFO - --------------------------------------------------------------------------------
2025-11-29 01:28 - INFO - instructions pool after beam search, above average and generic algorithm: 
2025-11-29 01:28 - INFO - instruction 0: [
    "Edit the sentence to ensure it adheres to standard English grammar and punctuation while preserving its original meaning and tone; if the sentence is already correct, make no changes.",
    "Identify and correct grammatical errors in the given sentence to produce a fluent, accurate version that preserves the original meaning, punctuation, and sentence structure.",
    "Revise the given sentence to correct grammatical errors, punctuation, and sentence structure, improve word choice, and enhance overall clarity and fluency, while preserving the original meaning and content."
]
2025-11-29 01:28 - INFO - instruction 1: [
    "Revise the sentence to conform to standard English grammar and punctuation without altering its original meaning or tone; if it is already correct, leave it unchanged.",
    "Edit the provided sentence to fix grammatical mistakes, punctuation, and structure, improve vocabulary, and enhance clarity and flow without changing its original meaning or content.",
    "Locate any grammatical mistakes in the provided sentence and correct them to create a clear, accurate version that maintains the original meaning, punctuation, and sentence structure."
]
2025-11-29 01:28 - INFO - instruction 2: [
    "Examine the provided sentence and correct any punctuation or formatting errors to enhance its grammatical accuracy, leaving it unchanged if it is already correct.",
    "Edit the provided sentence to fix grammatical mistakes, clarify meaning, and refine word choice and phrasing for context, all while maintaining the original intent and correct punctuation and structure.",
    "Locate and fix all grammatical mistakes in the provided sentence, addressing punctuation, capitalization, and syntax, without changing its meaning or style. Then, present the corrected sentence."
]
2025-11-29 01:28 - INFO - instruction 3: [
    "Review the given sentence and make any necessary corrections to punctuation and formatting to improve its grammatical accuracy, ensuring no changes are made if the sentence is already correct.",
    "Revise the given sentence to correct grammatical errors, enhance clarity, and improve word choice and phrasing for contextual appropriateness, while preserving the original meaning and ensuring proper punctuation and sentence structure.",
    "Identify and correct all grammatical errors in the given sentence, including issues related to punctuation, capitalization, and syntax, while maintaining the original meaning and overall writing style. Provide the corrected version of the sentence."
]
2025-11-29 01:36 - INFO - 
iter_no = 00, valid_scores = [46.379999999999995, 46.12, 45.82, 42.96]
2025-11-29 01:36 - INFO - --------------------------------------------------------------------------------
2025-11-29 01:36 - INFO - init_valid_score = 46.38
2025-11-29 01:36 - INFO - best_valid_score = 46.38 [ *** BEST *** ]
2025-11-29 01:36 - INFO - --------------------------------------------------------------------------------
2025-11-29 01:36 - INFO - best_instructions = [
    "Review the given sentence and correct any grammatical errors without changing its original meaning. If the sentence is already grammatically correct, return it unchanged.",
    "Identify and correct any grammatical errors in the given sentence while maintaining its original meaning. Provide the corrected sentence using clear and natural language without altering the intended message.",
    "Identify and correct any grammatical errors in the given sentence, including issues with verb tense, agreement, word order, and missing or incorrect pronouns, to produce a clear, coherent, and grammatically accurate version."
]
2025-11-29 01:36 - INFO - --------------------------------------------------------------------------------
2025-11-29 01:36 - INFO - instructions pool after beam search, above average and generic algorithm: 
2025-11-29 01:36 - INFO - instruction 0: [
    "Review the given sentence and correct any grammatical errors without changing its original meaning. If the sentence is already grammatically correct, return it unchanged.",
    "Identify and correct any grammatical errors in the given sentence while maintaining its original meaning. Provide the corrected sentence using clear and natural language without altering the intended message.",
    "Identify and correct any grammatical errors in the given sentence, including issues with verb tense, agreement, word order, and missing or incorrect pronouns, to produce a clear, coherent, and grammatically accurate version."
]
2025-11-29 01:36 - INFO - instruction 1: [
    "Review the given sentence and make any necessary punctuation corrections to ensure grammatical accuracy; if the punctuation is already correct, return the sentence unchanged.",
    "Review the given sentence and correct any grammatical errors while maintaining its original meaning. If the sentence contains no grammatical errors, return it exactly as provided.",
    "Revise the given sentence to correct any grammatical or punctuation errors while maintaining its original meaning, tone, and style."
]
2025-11-29 01:36 - INFO - instruction 2: [
    "Review the given sentence for any grammatical errors, including issues with verb tense and form, and provide a corrected version that maintains the original meaning.",
    "Please proofread the given sentence and correct all errors related to grammar, punctuation, capitalization, word choice, and sentence clarity, ensuring that the original meaning is preserved.",
    "Review the sentence and correct any grammatical errors while preserving its original meaning; if the sentence is already grammatically correct, return it unchanged."
]
2025-11-29 01:36 - INFO - instruction 3: [
    "Identify and correct errors related to grammar, word choice, and phrasing in the given sentence to improve its clarity and correctness, while preserving the original meaning.",
    "Identify and correct grammatical errors in the given sentence, including capitalization mistakes, while preserving the original meaning and avoiding changes to style or word choice.",
    "Identify and correct any grammatical errors in the given sentence while preserving its original meaning. Provide only the corrected sentence as the output."
]
2025-11-29 01:42 - INFO - improved instructions pool: 
2025-11-29 01:42 - INFO - instruction 0: [
    "Review the given sentence and correct any grammatical errors without changing its original meaning. If the sentence is already grammatically correct, return it unchanged.",
    "When correcting the sentence, use natural and appropriate expressions, including modal verbs and comparative forms, to match common usage and phrasing closely. Ensure punctuation and conjunctions are used to reflect the tone and intent precisely without adding unnecessary words or restructuring.",
    "Identify and correct any grammatical errors in the given sentence while maintaining its original meaning. Provide the corrected sentence using clear and natural language without altering the intended message.",
    "Identify and correct any grammatical errors in the given sentence, including issues with verb tense, agreement, word order, and missing or incorrect pronouns, to produce a clear, coherent, and grammatically accurate version."
]
2025-11-29 01:42 - INFO - instruction 1: [
    "Review the given sentence and make any necessary punctuation corrections to ensure grammatical accuracy; if the punctuation is already correct, return the sentence unchanged.",
    "Ensure all corrections reflect natural and precise language usage by splitting complex sentences appropriately and choosing idiomatic expressions to preserve clarity and meaning. Avoid unnecessary substitutions while maintaining the original tone and flow through proper punctuation and wording adjustments.",
    "Review the given sentence and correct any grammatical errors while maintaining its original meaning. If the sentence contains no grammatical errors, return it exactly as provided.",
    "Revise the given sentence to correct any grammatical or punctuation errors while maintaining its original meaning, tone, and style."
]
2025-11-29 01:42 - INFO - instruction 2: [
    "Review the given sentence for any grammatical errors, including issues with verb tense and form, and provide a corrected version that maintains the original meaning.",
    "Please proofread the given sentence and correct all errors related to grammar, punctuation, capitalization, word choice, and sentence clarity, ensuring that the original meaning is preserved.",
    "Ensure corrections use precise word choices and phrasing as typically preferred in standard English, including consistent use of articles and standard collocations. Avoid adding unnecessary words or changing sentence structures beyond what is required for grammatical correctness and clarity.",
    "Review the sentence and correct any grammatical errors while preserving its original meaning; if the sentence is already grammatically correct, return it unchanged."
]
2025-11-29 01:42 - INFO - instruction 3: [
    "Retain original wording and style wherever possible, correcting only clear grammatical errors without adding or changing word choice. Preserve all punctuation, capitalization, and phrasing as closely as in the input sentence unless there is a definite grammatical mistake.",
    "Identify and correct errors related to grammar, word choice, and phrasing in the given sentence to improve its clarity and correctness, while preserving the original meaning.",
    "Identify and correct grammatical errors in the given sentence, including capitalization mistakes, while preserving the original meaning and avoiding changes to style or word choice.",
    "Identify and correct any grammatical errors in the given sentence while preserving its original meaning. Provide only the corrected sentence as the output."
]
2025-11-29 01:42 - INFO - rephrased instructions pool: 
2025-11-29 01:42 - INFO - instruction 0: [
    "Examine the provided sentence and fix any grammatical mistakes without altering its original meaning. If the sentence is correct as is, leave it unchanged.",
    "Detect and fix any grammatical mistakes in the provided sentence, ensuring the original meaning remains unchanged. Present the corrected sentence in clear, natural language.",
    "Detect and fix any grammatical mistakes in the sentence, such as verb tense, agreement, word order, or pronoun errors, to create a clear and grammatically correct version."
]
2025-11-29 01:42 - INFO - instruction 1: [
    "Examine the provided sentence and correct any punctuation errors to achieve grammatical accuracy; if no changes are needed, return the sentence as is.",
    "Examine the provided sentence for grammatical mistakes and correct them without changing its original meaning. If there are no errors, return the sentence unchanged.",
    "Edit the provided sentence to fix any grammar or punctuation mistakes without changing its original meaning, tone, or style."
]
2025-11-29 01:42 - INFO - instruction 2: [
    "Examine the provided sentence for grammatical mistakes, especially in verb tense and form, and offer a corrected version that preserves the original meaning.",
    "Please review the provided sentence and fix any mistakes in grammar, punctuation, capitalization, word choice, and clarity while maintaining the original meaning. Ensure the corrected sentence remains true to the initial intent.",
    "Examine the sentence and fix any grammatical mistakes without altering its meaning; if it is already correct, leave it as is."
]
2025-11-29 01:42 - INFO - instruction 3: [
    "Detect and fix any grammar, word choice, or phrasing errors in the sentence to enhance clarity and accuracy without changing its original meaning.",
    "Find and fix any grammatical and capitalization errors in the sentence without altering its original meaning, style, or word choice.",
    "Locate and fix any grammatical mistakes in the provided sentence without changing its meaning. Output only the revised sentence."
]
2025-11-29 01:42 - INFO - instruction 4: [
    "Examine the provided sentence and fix any grammatical mistakes while preserving its original meaning. If no errors are found, return the sentence as is.",
    "Find and fix any grammar mistakes in the sentence, ensuring the original meaning stays intact. Present the corrected sentence in clear and natural language without changing its message.",
    "Locate and fix any grammatical mistakes in the provided sentence\u2014such as verb tense, agreement, word order, or pronoun errors\u2014to create a clear, coherent, and grammatically correct version."
]
2025-11-29 01:42 - INFO - instruction 5: [
    "Examine the provided sentence and correct any punctuation errors to ensure it is grammatically accurate; if no changes are needed, return the sentence as is.",
    "Examine the provided sentence for grammatical errors and correct them without changing its meaning. If there are no errors, return the sentence unchanged.",
    "Edit the provided sentence to fix any grammar or punctuation mistakes without changing its original meaning, tone, or style. Ensure the sentence remains true to the author\u2019s intent."
]
2025-11-29 01:42 - INFO - instruction 6: [
    "Examine the provided sentence for grammatical mistakes, focusing on verb tense and form, and offer a corrected version that preserves its original meaning.",
    "Please review the provided sentence and fix any errors in grammar, punctuation, capitalization, word choice, and clarity, while maintaining the original meaning. Ensure the sentence remains clear and accurate without altering its intent.",
    "Examine the sentence and fix any grammatical mistakes without altering its original meaning; if it is already correct, leave it as is."
]
2025-11-29 01:42 - INFO - instruction 7: [
    "Find and fix any grammatical, word choice, or phrasing mistakes in the sentence to enhance clarity and accuracy without changing its original meaning.",
    "Find and fix any grammatical and capitalization errors in the sentence without altering its meaning, style, or word choice.",
    "Find and fix any grammatical mistakes in the provided sentence without changing its meaning. Output only the corrected sentence."
]
2025-11-29 01:42 - INFO - permuted instructions pool: 
2025-11-29 01:42 - INFO - instruction 0: [
    "Identify and correct any grammatical errors in the given sentence while maintaining its original meaning. Provide the corrected sentence using clear and natural language without altering the intended message.",
    "Identify and correct any grammatical errors in the given sentence, including issues with verb tense, agreement, word order, and missing or incorrect pronouns, to produce a clear, coherent, and grammatically accurate version.",
    "Review the given sentence and correct any grammatical errors without changing its original meaning. If the sentence is already grammatically correct, return it unchanged."
]
2025-11-29 01:42 - INFO - instruction 1: [
    "Review the given sentence and make any necessary punctuation corrections to ensure grammatical accuracy; if the punctuation is already correct, return the sentence unchanged.",
    "Revise the given sentence to correct any grammatical or punctuation errors while maintaining its original meaning, tone, and style.",
    "Review the given sentence and correct any grammatical errors while maintaining its original meaning. If the sentence contains no grammatical errors, return it exactly as provided."
]
2025-11-29 01:42 - INFO - instruction 2: [
    "Review the sentence and correct any grammatical errors while preserving its original meaning; if the sentence is already grammatically correct, return it unchanged.",
    "Please proofread the given sentence and correct all errors related to grammar, punctuation, capitalization, word choice, and sentence clarity, ensuring that the original meaning is preserved.",
    "Review the given sentence for any grammatical errors, including issues with verb tense and form, and provide a corrected version that maintains the original meaning."
]
2025-11-29 01:42 - INFO - instruction 3: [
    "Identify and correct grammatical errors in the given sentence, including capitalization mistakes, while preserving the original meaning and avoiding changes to style or word choice.",
    "Identify and correct errors related to grammar, word choice, and phrasing in the given sentence to improve its clarity and correctness, while preserving the original meaning.",
    "Identify and correct any grammatical errors in the given sentence while preserving its original meaning. Provide only the corrected sentence as the output."
]
2025-11-29 01:45 - INFO - 
iter_no = 01, valid_scores = [48.63, 48.32, 47.38, 47.089999999999996, 46.92, 45.92, 45.89, 45.85, 45.45, 44.85, 44.83, 44.79, 44.46, 44.2, 43.730000000000004, 42.47, 42.39, 42.1, 42.1, 40.129999999999995]
2025-11-29 01:45 - INFO - --------------------------------------------------------------------------------
2025-11-29 01:45 - INFO - init_valid_score = 46.38
2025-11-29 01:45 - INFO - best_valid_score = 48.63 [ *** BEST *** ]
2025-11-29 01:45 - INFO - --------------------------------------------------------------------------------
2025-11-29 01:45 - INFO - best_instructions = [
    "Examine the provided sentence and fix any grammatical mistakes without altering its original meaning. If the sentence is correct as is, leave it unchanged.",
    "Detect and fix any grammatical mistakes in the provided sentence, ensuring the original meaning remains unchanged. Present the corrected sentence in clear, natural language.",
    "Detect and fix any grammatical mistakes in the sentence, such as verb tense, agreement, word order, or pronoun errors, to create a clear and grammatically correct version."
]
2025-11-29 01:45 - INFO - --------------------------------------------------------------------------------
2025-11-29 01:45 - INFO - instructions pool after beam search, above average and generic algorithm: 
2025-11-29 01:45 - INFO - instruction 0: [
    "Review the sentence and correct any grammatical errors while preserving its original meaning; if the sentence is already grammatically correct, return it unchanged.",
    "Please proofread the given sentence and correct all errors related to grammar, punctuation, capitalization, word choice, and sentence clarity, ensuring that the original meaning is preserved.",
    "Review the given sentence for any grammatical errors, including issues with verb tense and form, and provide a corrected version that maintains the original meaning."
]
2025-11-29 01:45 - INFO - instruction 1: [
    "Review the given sentence and make any necessary punctuation corrections to ensure grammatical accuracy; if the punctuation is already correct, return the sentence unchanged.",
    "Review the given sentence and correct any grammatical errors while maintaining its original meaning. If the sentence contains no grammatical errors, return it exactly as provided.",
    "Revise the given sentence to correct any grammatical or punctuation errors while maintaining its original meaning, tone, and style."
]
2025-11-29 01:45 - INFO - instruction 2: [
    "Examine the provided sentence and fix any grammatical mistakes without altering its original meaning. If the sentence is correct as is, leave it unchanged.",
    "Detect and fix any grammatical mistakes in the provided sentence, ensuring the original meaning remains unchanged. Present the corrected sentence in clear, natural language.",
    "Detect and fix any grammatical mistakes in the sentence, such as verb tense, agreement, word order, or pronoun errors, to create a clear and grammatically correct version."
]
2025-11-29 01:45 - INFO - instruction 3: [
    "Detect and fix any grammar, word choice, or phrasing errors in the sentence to enhance clarity and accuracy without changing its original meaning.",
    "Find and fix any grammatical and capitalization errors in the sentence without altering its original meaning, style, or word choice.",
    "Locate and fix any grammatical mistakes in the provided sentence without changing its meaning. Output only the revised sentence."
]
2025-11-29 01:45 - INFO - instruction 4: [
    "Examine the provided sentence for grammatical mistakes, especially in verb tense and form, and offer a corrected version that preserves the original meaning.",
    "Please review the provided sentence and fix any mistakes in grammar, punctuation, capitalization, word choice, and clarity while maintaining the original meaning. Ensure the corrected sentence remains true to the initial intent.",
    "Examine the sentence and fix any grammatical mistakes without altering its meaning; if it is already correct, leave it as is."
]
2025-11-29 01:45 - INFO - instruction 5: [
    "Find and fix any grammatical, word choice, or phrasing mistakes in the sentence to enhance clarity and accuracy without changing its original meaning.",
    "Find and fix any grammatical and capitalization errors in the sentence without altering its meaning, style, or word choice.",
    "Find and fix any grammatical mistakes in the provided sentence without changing its meaning. Output only the corrected sentence."
]
2025-11-29 01:51 - INFO - 
iter_no = 00, valid_scores = [50.74999999999999, 46.22, 44.99, 43.580000000000005]
2025-11-29 01:51 - INFO - --------------------------------------------------------------------------------
2025-11-29 01:51 - INFO - init_valid_score = 50.75
2025-11-29 01:51 - INFO - best_valid_score = 50.75 [ *** BEST *** ]
2025-11-29 01:51 - INFO - --------------------------------------------------------------------------------
2025-11-29 01:51 - INFO - best_instructions = [
    "Identify and correct any grammatical errors in the given sentence while preserving its original meaning. Ensure the revised sentence is clear, well-structured, and maintains the intended message without adding new information or stylistic changes beyond necessary corrections.",
    "Revise the given text to correct grammatical errors, improve clarity and naturalness, enhance sentence structure and punctuation, appropriately segment or combine sentences, adjust article use, and refine word choice without altering the original meaning.",
    "Review the given sentence and correct any grammatical errors without changing its original meaning. If the sentence is already grammatically correct, return it unchanged."
]
2025-11-29 01:51 - INFO - --------------------------------------------------------------------------------
2025-11-29 01:51 - INFO - instructions pool after beam search, above average and generic algorithm: 
2025-11-29 01:51 - INFO - instruction 0: [
    "Identify and correct any grammatical errors in the given sentence while preserving its original meaning. Ensure the revised sentence is clear, well-structured, and maintains the intended message without adding new information or stylistic changes beyond necessary corrections.",
    "Revise the given text to correct grammatical errors, improve clarity and naturalness, enhance sentence structure and punctuation, appropriately segment or combine sentences, adjust article use, and refine word choice without altering the original meaning.",
    "Review the given sentence and correct any grammatical errors without changing its original meaning. If the sentence is already grammatically correct, return it unchanged."
]
2025-11-29 01:51 - INFO - instruction 1: [
    "Identify and correct any grammatical errors in the given sentence while preserving its original meaning and style. If no errors are present, return the sentence unchanged.",
    "Revise the given sentence to correct any grammatical errors\u2014including subject-verb agreement, article usage, and punctuation\u2014and improve clarity, natural phrasing, and overall fluency, ensuring the meaning remains unchanged.",
    "Revise the given sentence to correct any grammatical errors and improve clarity and naturalness, ensuring that the original meaning and intent are fully preserved without adding or removing information."
]
2025-11-29 01:51 - INFO - instruction 2: [
    "Identify and correct any grammatical errors, focusing on punctuation and syntax, in the given sentence to produce a clear and properly written version.",
    "Review the given sentence and revise it to correct grammatical and syntactic errors, improve clarity, and ensure natural, fluent, and well-structured expression while preserving the original meaning.",
    "Review the given sentence and correct any grammatical errors while preserving its original meaning. If the sentence contains no grammatical errors, return it unchanged as the output."
]
2025-11-29 01:51 - INFO - instruction 3: [
    "Identify and correct any grammatical errors in the given sentence while preserving its original meaning and tone. This includes appropriately adjusting punctuation (such as commas, periods, and semicolons), article usage, verb tense, word order, and wording to produce a grammatically correct and clear sentence. Any punctuation changes should support the sentence\u2019s natural flow and clarity without altering its intent.",
    "Revise the given sentence to enhance grammatical correctness, clarity, and natural flow while maintaining its original meaning. Address issues such as pronoun use, redundancy, awkward phrasing, sentence structure, word choice, and punctuation as needed, allowing for edits ranging from minor corrections to more substantial rephrasing without adding or removing content.",
    "Correct the given sentence by fixing any grammatical, punctuation (including missing or extra punctuation marks), capitalization, and typographical errors while preserving its original meaning. Provide only the corrected sentence without adding, removing, or altering the content."
]
2025-11-29 01:58 - INFO - improved instructions pool: 
2025-11-29 01:58 - INFO - instruction 0: [
    "Identify and correct any grammatical errors, focusing on punctuation and syntax, in the given sentence to produce a clear and properly written version.",
    "When improving the sentence, preserve original sentence boundaries by avoiding merging or splitting sentences unless absolutely necessary for grammar and clarity; use standard punctuation and formatting conventions for lists and examples, matching natural written English style. Ensure transitions and connectors are used appropriately to reflect natural sentence flow without adding unnecessary semicolons or conjunctions.",
    "Review the given sentence and revise it to correct grammatical and syntactic errors, improve clarity, and ensure natural, fluent, and well-structured expression while preserving the original meaning.",
    "Review the given sentence and correct any grammatical errors while preserving its original meaning. If the sentence contains no grammatical errors, return it unchanged as the output."
]
2025-11-29 01:58 - INFO - rephrased instructions pool: 
2025-11-29 01:58 - INFO - instruction 0: [
    "Find and fix any grammatical mistakes in the provided sentence, keeping its original meaning intact. Make sure the corrected sentence is clear and properly structured without introducing new information or altering the style beyond essential corrections.",
    "Edit the provided text to fix grammar mistakes, enhance clarity and flow, improve sentence structure and punctuation, appropriately split or merge sentences, adjust article usage, and choose better wording without changing the intended meaning.",
    "Examine the provided sentence and fix any grammatical mistakes without altering its original meaning. If there are no errors, leave the sentence as is."
]
2025-11-29 01:58 - INFO - instruction 1: [
    "Detect and fix any grammatical mistakes in the provided sentence without altering its original meaning or style. If the sentence is error-free, return it as is.",
    "Edit the provided sentence to fix grammatical errors such as subject-verb agreement, articles, and punctuation, while enhancing clarity, natural flow, and fluency without altering its meaning.",
    "Edit the provided sentence to fix grammatical mistakes and enhance clarity and flow, maintaining the original meaning and intent exactly without adding or omitting details."
]
2025-11-29 01:58 - INFO - instruction 2: [
    "Locate and fix any grammatical mistakes, especially in punctuation and syntax, within the provided sentence to ensure clarity and correctness.",
    "Examine the provided sentence and edit it to fix grammatical and syntactic mistakes, enhance clarity, and produce a natural, fluent, and well-organized expression without changing the original meaning.",
    "Examine the provided sentence and correct any grammatical mistakes without altering its original meaning. If there are no errors, return the sentence exactly as it is."
]
2025-11-29 01:58 - INFO - instruction 3: [
    "Detect and fix any grammatical mistakes in the provided sentence, maintaining its original meaning and tone. Make necessary adjustments to punctuation, articles, verb tense, word order, and wording to ensure clarity and correctness without changing the sentence\u2019s intent.",
    "Improve the given sentence for grammar, clarity, and natural flow without changing its original meaning. Correct issues like pronoun use, redundancy, awkward phrasing, sentence structure, word choice, and punctuation with edits ranging from minor tweaks to significant rephrasing, avoiding content addition or deletion.",
    "Fix all grammatical, punctuation (including missing or extra marks), capitalization, and typographical errors in the given sentence without changing its meaning. Submit only the corrected sentence without any additions or omissions."
]
2025-11-29 01:58 - INFO - instruction 4: [
    "Find and fix any grammatical mistakes in the provided sentence, keeping its original meaning intact. Make sure the corrected sentence is clear and well-organized without introducing new information or unnecessary stylistic changes.",
    "Edit the provided text to fix grammatical mistakes, enhance clarity and flow, improve sentence structure and punctuation, adjust sentence segmentation, refine article usage, and choose more precise words, all while preserving the original meaning.",
    "Examine the provided sentence and fix any grammatical mistakes without altering its original meaning. If the sentence is correct as is, leave it unchanged."
]
2025-11-29 01:58 - INFO - instruction 5: [
    "Detect and fix any grammatical mistakes in the provided sentence without altering its original meaning or tone. If the sentence is already correct, return it as is.",
    "Edit the provided sentence to fix grammatical mistakes, such as subject-verb agreement, articles, and punctuation, while enhancing clarity, natural flow, and fluency without altering its meaning. Ensure the original intent is preserved throughout the revision.",
    "Edit the provided sentence to fix grammatical mistakes and enhance clarity and flow, while maintaining the original meaning and intent exactly as given. Ensure no information is added or omitted."
]
2025-11-29 01:58 - INFO - instruction 6: [
    "Locate and fix any grammatical mistakes related to punctuation and syntax in the provided sentence to create a clear and well-written version.",
    "Examine the provided sentence and correct any grammatical and syntactic mistakes, enhancing clarity and fluency while maintaining the original meaning. Ensure the revised sentence is natural, well-structured, and easy to understand.",
    "Examine the provided sentence and fix any grammatical mistakes without altering its original meaning. If there are no errors, return the sentence exactly as it is."
]
2025-11-29 01:58 - INFO - instruction 7: [
    "Detect and fix any grammatical mistakes in the provided sentence without changing its original meaning or tone. This may involve adjusting punctuation, articles, verb tense, word order, and wording to ensure clarity and correctness while maintaining the sentence\u2019s natural flow.",
    "Improve the given sentence to ensure grammatical accuracy, clarity, and smoothness while preserving its original meaning. Correct pronoun use, eliminate redundancy, fix awkward phrasing and punctuation, and adjust sentence structure or word choice as necessary, allowing changes from minor edits to significant rephrasing without adding or removing content.",
    "Fix any grammatical, punctuation (including missing or extra marks), capitalization, and typographical errors in the given sentence without changing its original meaning. Submit only the corrected sentence without adding, removing, or modifying the content."
]
2025-11-29 01:58 - INFO - permuted instructions pool: 
2025-11-29 01:58 - INFO - instruction 0: [
    "Identify and correct any grammatical errors in the given sentence while preserving its original meaning. Ensure the revised sentence is clear, well-structured, and maintains the intended message without adding new information or stylistic changes beyond necessary corrections.",
    "Review the given sentence and correct any grammatical errors without changing its original meaning. If the sentence is already grammatically correct, return it unchanged.",
    "Revise the given text to correct grammatical errors, improve clarity and naturalness, enhance sentence structure and punctuation, appropriately segment or combine sentences, adjust article use, and refine word choice without altering the original meaning."
]
2025-11-29 01:58 - INFO - instruction 1: [
    "Revise the given sentence to correct any grammatical errors\u2014including subject-verb agreement, article usage, and punctuation\u2014and improve clarity, natural phrasing, and overall fluency, ensuring the meaning remains unchanged.",
    "Identify and correct any grammatical errors in the given sentence while preserving its original meaning and style. If no errors are present, return the sentence unchanged.",
    "Revise the given sentence to correct any grammatical errors and improve clarity and naturalness, ensuring that the original meaning and intent are fully preserved without adding or removing information."
]
2025-11-29 01:58 - INFO - instruction 2: [
    "Identify and correct any grammatical errors, focusing on punctuation and syntax, in the given sentence to produce a clear and properly written version.",
    "Review the given sentence and correct any grammatical errors while preserving its original meaning. If the sentence contains no grammatical errors, return it unchanged as the output.",
    "Review the given sentence and revise it to correct grammatical and syntactic errors, improve clarity, and ensure natural, fluent, and well-structured expression while preserving the original meaning."
]
2025-11-29 01:58 - INFO - instruction 3: [
    "Correct the given sentence by fixing any grammatical, punctuation (including missing or extra punctuation marks), capitalization, and typographical errors while preserving its original meaning. Provide only the corrected sentence without adding, removing, or altering the content.",
    "Identify and correct any grammatical errors in the given sentence while preserving its original meaning and tone. This includes appropriately adjusting punctuation (such as commas, periods, and semicolons), article usage, verb tense, word order, and wording to produce a grammatically correct and clear sentence. Any punctuation changes should support the sentence\u2019s natural flow and clarity without altering its intent.",
    "Revise the given sentence to enhance grammatical correctness, clarity, and natural flow while maintaining its original meaning. Address issues such as pronoun use, redundancy, awkward phrasing, sentence structure, word choice, and punctuation as needed, allowing for edits ranging from minor corrections to more substantial rephrasing without adding or removing content."
]
2025-11-29 02:00 - INFO - 
iter_no = 01, valid_scores = [50.46000000000001, 47.89, 47.010000000000005, 46.83, 46.11, 46.11, 46.03, 45.989999999999995, 45.65, 45.45, 45.45, 45.33, 44.07, 43.480000000000004, 42.68, 42.230000000000004, 42.230000000000004]
2025-11-29 02:00 - INFO - --------------------------------------------------------------------------------
2025-11-29 02:00 - INFO - init_valid_score = 50.75
2025-11-29 02:00 - INFO - best_valid_score = 50.75 
2025-11-29 02:00 - INFO - --------------------------------------------------------------------------------
2025-11-29 02:00 - INFO - best_instructions = [
    "Identify and correct any grammatical errors in the given sentence while preserving its original meaning. Ensure the revised sentence is clear, well-structured, and maintains the intended message without adding new information or stylistic changes beyond necessary corrections.",
    "Revise the given text to correct grammatical errors, improve clarity and naturalness, enhance sentence structure and punctuation, appropriately segment or combine sentences, adjust article use, and refine word choice without altering the original meaning.",
    "Review the given sentence and correct any grammatical errors without changing its original meaning. If the sentence is already grammatically correct, return it unchanged."
]
2025-11-29 02:00 - INFO - --------------------------------------------------------------------------------
2025-11-29 02:00 - INFO - instructions pool after beam search, above average and generic algorithm: 
2025-11-29 02:00 - INFO - instruction 0: [
    "Locate and fix any grammatical mistakes related to punctuation and syntax in the provided sentence to create a clear and well-written version.",
    "Examine the provided sentence and correct any grammatical and syntactic mistakes, enhancing clarity and fluency while maintaining the original meaning. Ensure the revised sentence is natural, well-structured, and easy to understand.",
    "Examine the provided sentence and fix any grammatical mistakes without altering its original meaning. If there are no errors, return the sentence exactly as it is."
]
2025-11-29 02:00 - INFO - instruction 1: [
    "Identify and correct any grammatical errors in the given sentence while preserving its original meaning. Ensure the revised sentence is clear, well-structured, and maintains the intended message without adding new information or stylistic changes beyond necessary corrections.",
    "Revise the given text to correct grammatical errors, improve clarity and naturalness, enhance sentence structure and punctuation, appropriately segment or combine sentences, adjust article use, and refine word choice without altering the original meaning.",
    "Review the given sentence and correct any grammatical errors without changing its original meaning. If the sentence is already grammatically correct, return it unchanged."
]
2025-11-29 02:00 - INFO - instruction 2: [
    "Find and fix any grammatical mistakes in the provided sentence, keeping its original meaning intact. Make sure the corrected sentence is clear and well-organized without introducing new information or unnecessary stylistic changes.",
    "Edit the provided text to fix grammatical mistakes, enhance clarity and flow, improve sentence structure and punctuation, adjust sentence segmentation, refine article usage, and choose more precise words, all while preserving the original meaning.",
    "Examine the provided sentence and fix any grammatical mistakes without altering its original meaning. If the sentence is correct as is, leave it unchanged."
]
2025-11-29 02:00 - INFO - instruction 3: [
    "Find and fix any grammatical mistakes in the provided sentence, keeping its original meaning intact. Make sure the corrected sentence is clear and properly structured without introducing new information or altering the style beyond essential corrections.",
    "Edit the provided text to fix grammar mistakes, enhance clarity and flow, improve sentence structure and punctuation, appropriately split or merge sentences, adjust article usage, and choose better wording without changing the intended meaning.",
    "Examine the provided sentence and fix any grammatical mistakes without altering its original meaning. If there are no errors, leave the sentence as is."
]
2025-11-29 02:00 - INFO - instruction 4: [
    "Revise the given sentence to correct any grammatical errors\u2014including subject-verb agreement, article usage, and punctuation\u2014and improve clarity, natural phrasing, and overall fluency, ensuring the meaning remains unchanged.",
    "Identify and correct any grammatical errors in the given sentence while preserving its original meaning and style. If no errors are present, return the sentence unchanged.",
    "Revise the given sentence to correct any grammatical errors and improve clarity and naturalness, ensuring that the original meaning and intent are fully preserved without adding or removing information."
]
2025-11-29 02:00 - INFO - instruction 5: [
    "Detect and fix any grammatical mistakes in the provided sentence without altering its original meaning or tone. If the sentence is already correct, return it as is.",
    "Edit the provided sentence to fix grammatical mistakes, such as subject-verb agreement, articles, and punctuation, while enhancing clarity, natural flow, and fluency without altering its meaning. Ensure the original intent is preserved throughout the revision.",
    "Edit the provided sentence to fix grammatical mistakes and enhance clarity and flow, while maintaining the original meaning and intent exactly as given. Ensure no information is added or omitted."
]
2025-11-29 02:00 - INFO - instruction 6: [
    "Identify and correct any grammatical errors, focusing on punctuation and syntax, in the given sentence to produce a clear and properly written version.",
    "Review the given sentence and revise it to correct grammatical and syntactic errors, improve clarity, and ensure natural, fluent, and well-structured expression while preserving the original meaning.",
    "Review the given sentence and correct any grammatical errors while preserving its original meaning. If the sentence contains no grammatical errors, return it unchanged as the output."
]
2025-11-29 02:00 - INFO - instruction 7: [
    "Locate and fix any grammatical mistakes, especially in punctuation and syntax, within the provided sentence to ensure clarity and correctness.",
    "Examine the provided sentence and edit it to fix grammatical and syntactic mistakes, enhance clarity, and produce a natural, fluent, and well-organized expression without changing the original meaning.",
    "Examine the provided sentence and correct any grammatical mistakes without altering its original meaning. If there are no errors, return the sentence exactly as it is."
]
2025-11-29 16:38 - INFO - 
iter_no = 00, valid_scores = [45.519999999999996, 43.769999999999996, 40.71, 36.22]
2025-11-29 16:38 - INFO - --------------------------------------------------------------------------------
2025-11-29 16:38 - INFO - init_valid_score = 45.52
2025-11-29 16:38 - INFO - best_valid_score = 45.52 [ *** BEST *** ]
2025-11-29 16:38 - INFO - --------------------------------------------------------------------------------
2025-11-29 16:38 - INFO - best_instructions = [
    "Review the given sentence and make corrections to punctuation and formatting only if errors are present; otherwise, leave the sentence unchanged.",
    "Identify and correct grammatical errors in the given sentence while preserving its original meaning. Focus on ensuring proper noun number, appropriate word choice, and overall grammatical correctness, including improving lexical suitability when necessary.",
    "Edit the sentence to fix any grammatical errors, including incorrect word forms, and enhance clarity and word choice while maintaining the original meaning."
]
2025-11-29 16:38 - INFO - --------------------------------------------------------------------------------
2025-11-29 16:38 - INFO - instructions pool after beam search, above average and generic algorithm: 
2025-11-29 16:38 - INFO - instruction 0: [
    "Review the given sentence and make corrections to punctuation and formatting only if errors are present; otherwise, leave the sentence unchanged.",
    "Identify and correct grammatical errors in the given sentence while preserving its original meaning. Focus on ensuring proper noun number, appropriate word choice, and overall grammatical correctness, including improving lexical suitability when necessary.",
    "Edit the sentence to fix any grammatical errors, including incorrect word forms, and enhance clarity and word choice while maintaining the original meaning."
]
2025-11-29 16:38 - INFO - instruction 1: [
    "Identify and correct any grammatical errors and common punctuation mistakes\u2014such as missing commas after introductory phrases or extraneous punctuation\u2014to produce a properly written sentence that preserves the original meaning and wording with only minimal necessary changes.",
    "Revise the given sentence to enhance its grammar, punctuation, clarity, and overall readability without altering its original meaning. Ensure consistent verb tense and mood, correct use of articles and prepositions, and improve sentence structure by appropriately splitting or combining sentences as needed.",
    "Review the given sentence and revise it to correct any grammatical, punctuation, lexical, or stylistic errors, enhancing clarity and coherence while preserving the original meaning and intent."
]
2025-11-29 16:38 - INFO - instruction 2: [
    "Identify and correct any grammatical errors in the given sentence while preserving its original meaning; if no clear errors are present, the sentence should remain unchanged.",
    "Revise the given sentence to correct grammatical errors and improve fluency, clarity, and naturalness while preserving the original meaning.",
    "Review the given sentence to identify and correct any grammatical errors, ensuring the revised sentence is both grammatically accurate and natural in tone."
]
2025-11-29 16:38 - INFO - instruction 3: [
    "Review the given sentence and revise it to correct any grammatical errors and improve clarity and naturalness, while preserving the original meaning.",
    "Review the given sentence and correct any grammatical errors while preserving its original meaning. If the sentence is already grammatically correct, return it unchanged.",
    "Identify and correct grammatical, lexical, and punctuation issues in the given sentence to enhance accuracy, naturalness, and readability, including appropriate word choice and stylistic improvements, while preserving the original meaning."
]
2025-11-29 16:47 - INFO - improved instructions pool: 
2025-11-29 16:47 - INFO - instruction 0: [
    "Identify and correct any grammatical errors and common punctuation mistakes\u2014such as missing commas after introductory phrases or extraneous punctuation\u2014to produce a properly written sentence that preserves the original meaning and wording with only minimal necessary changes.",
    "Use only the original wording and punctuation provided unless a correction is absolutely necessary, avoiding adding or removing words such as conjunctions or articles unless required for grammatical accuracy. Retain original list structures and stylistic choices, including the use of commas, conjunctions, and symbols, unless they cause clear grammatical errors.",
    "Revise the given sentence to enhance its grammar, punctuation, clarity, and overall readability without altering its original meaning. Ensure consistent verb tense and mood, correct use of articles and prepositions, and improve sentence structure by appropriately splitting or combining sentences as needed.",
    "Review the given sentence and revise it to correct any grammatical, punctuation, lexical, or stylistic errors, enhancing clarity and coherence while preserving the original meaning and intent."
]
2025-11-29 16:47 - INFO - instruction 1: [
    "Identify and correct any grammatical errors in the given sentence while preserving its original meaning; if no clear errors are present, the sentence should remain unchanged.",
    "Ensure that all corrections maintain not only grammatical accuracy but also match the exact phrasing and word choice expected for naturalness and fluency, replicating expressions precisely. Avoid adding, omitting, or altering words beyond what is necessary to fix errors and improve clarity while preserving the sentence's original tone and meaning.",
    "Revise the given sentence to correct grammatical errors and improve fluency, clarity, and naturalness while preserving the original meaning.",
    "Review the given sentence to identify and correct any grammatical errors, ensuring the revised sentence is both grammatically accurate and natural in tone."
]
2025-11-29 16:47 - INFO - instruction 2: [
    "Review the given sentence and revise it to correct any grammatical errors and improve clarity and naturalness, while preserving the original meaning.",
    "Review the given sentence and correct any grammatical errors while preserving its original meaning. If the sentence is already grammatically correct, return it unchanged.",
    "When revising, maintain the original sentence structure and key phrases as closely as possible, making only necessary grammatical corrections and minimal stylistic changes to preserve the exact wording and meaning. Use punctuation and conjunctions precisely as in the original, avoiding added or omitted words unless required for correctness.",
    "Identify and correct grammatical, lexical, and punctuation issues in the given sentence to enhance accuracy, naturalness, and readability, including appropriate word choice and stylistic improvements, while preserving the original meaning."
]
2025-11-29 16:47 - INFO - rephrased instructions pool: 
2025-11-29 16:47 - INFO - instruction 0: [
    "Examine the provided sentence and correct any punctuation or formatting errors found; if there are none, keep the sentence as is.",
    "Detect and correct any grammatical mistakes in the provided sentence, maintaining its original meaning. Pay particular attention to noun number agreement, word choice, and overall grammatical accuracy, enhancing lexical appropriateness as needed.",
    "Revise the sentence to correct grammatical mistakes, including improper word forms, and improve clarity and vocabulary without changing its original meaning."
]
2025-11-29 16:47 - INFO - instruction 1: [
    "Detect and fix any grammatical and common punctuation errors\u2014like missing commas after introductory phrases or unnecessary punctuation\u2014to create a correctly written sentence that maintains the original meaning and wording with minimal changes.",
    "Improve the given sentence by correcting grammar, punctuation, and clarity while maintaining its original meaning. Make sure verb tense and mood are consistent, articles and prepositions are used correctly, and sentence structure is refined by splitting or combining sentences when necessary.",
    "Examine the provided sentence and make any necessary corrections to grammar, punctuation, word choice, or style, improving clarity and flow without changing its original meaning or purpose."
]
2025-11-29 16:47 - INFO - instruction 2: [
    "Find and fix any grammatical mistakes in the sentence without changing its original meaning; if there are none, leave the sentence as is.",
    "Edit the provided sentence to fix grammatical mistakes and enhance fluency, clarity, and naturalness without changing its original meaning.",
    "Examine the provided sentence for any grammatical mistakes and revise it to be both correct and naturally phrased."
]
2025-11-29 16:47 - INFO - instruction 3: [
    "Examine the provided sentence and edit it to fix any grammatical mistakes and enhance clarity and flow, ensuring the original meaning remains unchanged.",
    "Examine the provided sentence for grammatical mistakes and correct them without altering its meaning. If the sentence is grammatically accurate, leave it as is.",
    "Detect and fix any grammatical, lexical, and punctuation errors in the sentence to improve accuracy, naturalness, and readability, ensuring appropriate word choice and style without changing the original meaning."
]
2025-11-29 16:47 - INFO - instruction 4: [
    "Examine the provided sentence and correct any punctuation or formatting errors found; if there are none, keep the sentence as is.",
    "Detect and correct any grammatical mistakes in the provided sentence without changing its original meaning. Ensure proper noun agreement, suitable word usage, and overall grammatical accuracy, enhancing lexical appropriateness as needed.",
    "Revise the sentence to correct grammatical mistakes, including improper word forms, and improve clarity and vocabulary without changing its original meaning."
]
2025-11-29 16:47 - INFO - instruction 5: [
    "Locate and fix any grammatical and punctuation errors\u2014like missing commas after introductory phrases or unnecessary punctuation\u2014to create a correctly written sentence that maintains the original meaning and wording with minimal changes.",
    "Improve the given sentence\u2019s grammar, punctuation, clarity, and readability while preserving its original meaning. Maintain consistent verb tense and mood, use articles and prepositions correctly, and adjust sentence structure by splitting or combining sentences when necessary.",
    "Examine the provided sentence and make corrections to any grammatical, punctuation, lexical, or stylistic errors, improving clarity and coherence without changing its original meaning or intent."
]
2025-11-29 16:47 - INFO - instruction 6: [
    "Detect and fix any grammatical mistakes in the provided sentence without altering its original meaning; if there are no obvious errors, leave the sentence as is.",
    "Edit the provided sentence to fix grammatical mistakes and enhance fluency, clarity, and naturalness without changing its original meaning.",
    "Examine the provided sentence for grammatical mistakes and correct them, making sure the final version is both grammatically correct and sounds natural."
]
2025-11-29 16:47 - INFO - instruction 7: [
    "Examine the provided sentence and edit it to fix grammatical mistakes and enhance clarity and flow, ensuring the original meaning remains unchanged.",
    "Examine the provided sentence for any grammatical mistakes and correct them without altering its meaning. If there are no errors, return the sentence as is.",
    "Detect and fix any grammatical, lexical, and punctuation errors in the provided sentence to improve clarity, naturalness, and readability, ensuring suitable word choice and style without changing the original meaning."
]
2025-11-29 16:47 - INFO - permuted instructions pool: 
2025-11-29 16:47 - INFO - instruction 0: [
    "Identify and correct grammatical errors in the given sentence while preserving its original meaning. Focus on ensuring proper noun number, appropriate word choice, and overall grammatical correctness, including improving lexical suitability when necessary.",
    "Edit the sentence to fix any grammatical errors, including incorrect word forms, and enhance clarity and word choice while maintaining the original meaning.",
    "Review the given sentence and make corrections to punctuation and formatting only if errors are present; otherwise, leave the sentence unchanged."
]
2025-11-29 16:47 - INFO - instruction 1: [
    "Review the given sentence and revise it to correct any grammatical, punctuation, lexical, or stylistic errors, enhancing clarity and coherence while preserving the original meaning and intent.",
    "Revise the given sentence to enhance its grammar, punctuation, clarity, and overall readability without altering its original meaning. Ensure consistent verb tense and mood, correct use of articles and prepositions, and improve sentence structure by appropriately splitting or combining sentences as needed.",
    "Identify and correct any grammatical errors and common punctuation mistakes\u2014such as missing commas after introductory phrases or extraneous punctuation\u2014to produce a properly written sentence that preserves the original meaning and wording with only minimal necessary changes."
]
2025-11-29 16:47 - INFO - instruction 2: [
    "Revise the given sentence to correct grammatical errors and improve fluency, clarity, and naturalness while preserving the original meaning.",
    "Review the given sentence to identify and correct any grammatical errors, ensuring the revised sentence is both grammatically accurate and natural in tone.",
    "Identify and correct any grammatical errors in the given sentence while preserving its original meaning; if no clear errors are present, the sentence should remain unchanged."
]
2025-11-29 16:47 - INFO - instruction 3: [
    "Identify and correct grammatical, lexical, and punctuation issues in the given sentence to enhance accuracy, naturalness, and readability, including appropriate word choice and stylistic improvements, while preserving the original meaning.",
    "Review the given sentence and correct any grammatical errors while preserving its original meaning. If the sentence is already grammatically correct, return it unchanged.",
    "Review the given sentence and revise it to correct any grammatical errors and improve clarity and naturalness, while preserving the original meaning."
]
2025-11-29 16:52 - INFO - 
iter_no = 01, valid_scores = [45.39, 44.68, 42.67, 42.65, 42.620000000000005, 42.43, 42.42, 42.199999999999996, 41.25, 40.1, 39.2, 39.04, 38.41, 37.22, 36.86, 36.22, 35.97, 35.709999999999994, 35.449999999999996]
2025-11-29 16:52 - INFO - --------------------------------------------------------------------------------
2025-11-29 16:52 - INFO - init_valid_score = 45.52
2025-11-29 16:52 - INFO - best_valid_score = 45.52 
2025-11-29 16:52 - INFO - --------------------------------------------------------------------------------
2025-11-29 16:52 - INFO - best_instructions = [
    "Review the given sentence and make corrections to punctuation and formatting only if errors are present; otherwise, leave the sentence unchanged.",
    "Identify and correct grammatical errors in the given sentence while preserving its original meaning. Focus on ensuring proper noun number, appropriate word choice, and overall grammatical correctness, including improving lexical suitability when necessary.",
    "Edit the sentence to fix any grammatical errors, including incorrect word forms, and enhance clarity and word choice while maintaining the original meaning."
]
2025-11-29 16:52 - INFO - --------------------------------------------------------------------------------
2025-11-29 16:52 - INFO - instructions pool after beam search, above average and generic algorithm: 
2025-11-29 16:52 - INFO - instruction 0: [
    "Review the given sentence and make corrections to punctuation and formatting only if errors are present; otherwise, leave the sentence unchanged.",
    "Identify and correct grammatical errors in the given sentence while preserving its original meaning. Focus on ensuring proper noun number, appropriate word choice, and overall grammatical correctness, including improving lexical suitability when necessary.",
    "Edit the sentence to fix any grammatical errors, including incorrect word forms, and enhance clarity and word choice while maintaining the original meaning."
]
2025-11-29 16:52 - INFO - instruction 1: [
    "Review the given sentence and revise it to correct any grammatical errors and improve clarity and naturalness, while preserving the original meaning.",
    "Review the given sentence and correct any grammatical errors while preserving its original meaning. If the sentence is already grammatically correct, return it unchanged.",
    "When revising, maintain the original sentence structure and key phrases as closely as possible, making only necessary grammatical corrections and minimal stylistic changes to preserve the exact wording and meaning. Use punctuation and conjunctions precisely as in the original, avoiding added or omitted words unless required for correctness.",
    "Identify and correct grammatical, lexical, and punctuation issues in the given sentence to enhance accuracy, naturalness, and readability, including appropriate word choice and stylistic improvements, while preserving the original meaning."
]
2025-11-29 16:52 - INFO - instruction 2: [
    "Identify and correct grammatical errors in the given sentence while preserving its original meaning. Focus on ensuring proper noun number, appropriate word choice, and overall grammatical correctness, including improving lexical suitability when necessary.",
    "Edit the sentence to fix any grammatical errors, including incorrect word forms, and enhance clarity and word choice while maintaining the original meaning.",
    "Review the given sentence and make corrections to punctuation and formatting only if errors are present; otherwise, leave the sentence unchanged."
]
2025-11-29 16:52 - INFO - instruction 3: [
    "Identify and correct any grammatical errors and common punctuation mistakes\u2014such as missing commas after introductory phrases or extraneous punctuation\u2014to produce a properly written sentence that preserves the original meaning and wording with only minimal necessary changes.",
    "Revise the given sentence to enhance its grammar, punctuation, clarity, and overall readability without altering its original meaning. Ensure consistent verb tense and mood, correct use of articles and prepositions, and improve sentence structure by appropriately splitting or combining sentences as needed.",
    "Review the given sentence and revise it to correct any grammatical, punctuation, lexical, or stylistic errors, enhancing clarity and coherence while preserving the original meaning and intent."
]
2025-11-29 16:59 - INFO - improved instructions pool: 
2025-11-29 16:59 - INFO - instruction 0: [
    "Review the given sentence and revise it to correct any grammatical errors and improve clarity and naturalness, while preserving the original meaning.",
    "Review the given sentence and correct any grammatical errors while preserving its original meaning. If the sentence is already grammatically correct, return it unchanged.",
    "When revising, maintain the original sentence structure and key phrases as closely as possible, making only necessary grammatical corrections and minimal stylistic changes to preserve the exact wording and meaning. Use punctuation and conjunctions precisely as in the original, avoiding added or omitted words unless required for correctness.",
    "Identify and correct grammatical, lexical, and punctuation issues in the given sentence to enhance accuracy, naturalness, and readability, including appropriate word choice and stylistic improvements, while preserving the original meaning.",
    "When correcting, prefer concise and natural phrasing by removing unnecessary articles or redundant words, and ensure punctuation marks correctly separate independent clauses as full sentences where appropriate. Focus on improving fluency by selecting the most common collocations and word choices while preserving the original meaning and sentence structure."
]
2025-11-29 16:59 - INFO - instruction 1: [
    "Identify and correct grammatical errors in the given sentence while preserving its original meaning. Focus on ensuring proper noun number, appropriate word choice, and overall grammatical correctness, including improving lexical suitability when necessary.",
    "Ensure to use standard possessive forms with apostrophes where applicable and prefer natural, commonly accepted expressions, such as \"keep on doing so\" instead of \"continue to do so.\" Maintain exact phrasing for time references and idiomatic expressions to preserve intended meaning and style precisely.",
    "Edit the sentence to fix any grammatical errors, including incorrect word forms, and enhance clarity and word choice while maintaining the original meaning.",
    "Review the given sentence and make corrections to punctuation and formatting only if errors are present; otherwise, leave the sentence unchanged."
]
2025-11-29 16:59 - INFO - instruction 2: [
    "Identify and correct any grammatical errors and common punctuation mistakes\u2014such as missing commas after introductory phrases or extraneous punctuation\u2014to produce a properly written sentence that preserves the original meaning and wording with only minimal necessary changes.",
    "Revise the given sentence to enhance its grammar, punctuation, clarity, and overall readability without altering its original meaning. Ensure consistent verb tense and mood, correct use of articles and prepositions, and improve sentence structure by appropriately splitting or combining sentences as needed.",
    "Review the given sentence and revise it to correct any grammatical, punctuation, lexical, or stylistic errors, enhancing clarity and coherence while preserving the original meaning and intent.",
    "Match spelling variants, word choices, and verb forms exactly as used in the original or typical regional usage, and preserve modal verbs and auxiliary constructions as closely as possible to maintain intended meaning and tone. Avoid substituting synonyms or changing verb tenses unless necessary for grammatical correctness, and retain original punctuation placement when it does not cause grammatical errors."
]
2025-11-29 16:59 - INFO - rephrased instructions pool: 
2025-11-29 16:59 - INFO - instruction 0: [
    "Examine the provided sentence and correct any punctuation or formatting mistakes; if none are found, keep the sentence as is.",
    "Detect and fix any grammatical errors in the provided sentence without changing its original meaning. Pay particular attention to noun number, word choice, and overall grammar, enhancing lexical appropriateness as needed.",
    "Revise the sentence to correct grammatical mistakes, including improper word forms, and improve clarity and vocabulary without changing the original meaning."
]
2025-11-29 16:59 - INFO - instruction 1: [
    "Examine the provided sentence and edit it to fix grammatical mistakes and enhance clarity and flow, ensuring the original meaning remains intact.",
    "Examine the provided sentence and fix any grammatical mistakes without altering its meaning. If there are no errors, leave the sentence as is.",
    "When revising, maintain the original sentence structure and key phrases as closely as possible, making only necessary grammatical corrections and minimal stylistic changes to preserve the exact wording and meaning. Use punctuation and conjunctions precisely as in the original, avoiding added or omitted words unless required for correctness.",
    "Locate and fix any grammatical, lexical, and punctuation errors in the sentence to improve accuracy, clarity, and flow, ensuring suitable word choice and style without changing the original meaning."
]
2025-11-29 16:59 - INFO - instruction 2: [
    "Detect and correct any grammatical errors in the provided sentence without changing its original meaning. Pay special attention to noun number, word choice, and overall grammatical accuracy, enhancing lexical appropriateness as needed.",
    "Revise the sentence to correct grammatical mistakes and improve clarity and word choice without changing its original meaning. Ensure all word forms are accurate and the message remains intact.",
    "Examine the sentence and correct any punctuation or formatting mistakes; if there are none, keep the sentence as is."
]
2025-11-29 16:59 - INFO - instruction 3: [
    "Find and fix any grammatical and common punctuation errors\u2014like missing commas after introductory phrases or unnecessary punctuation\u2014to create a correctly written sentence that retains the original meaning and wording with minimal changes.",
    "Improve the given sentence by correcting grammar, punctuation, and clarity while maintaining its original meaning. Maintain consistent verb tense and mood, use articles and prepositions correctly, and adjust sentence structure by splitting or combining sentences where appropriate.",
    "Examine the provided sentence and make corrections to grammar, punctuation, word choice, or style to improve clarity and flow without changing its original meaning or purpose."
]
2025-11-29 16:59 - INFO - instruction 4: [
    "Examine the given sentence and correct any punctuation or formatting errors; if none are found, keep the sentence as is.",
    "Detect and amend any grammatical mistakes in the provided sentence without altering its original meaning. Pay particular attention to noun number, word choice, and overall grammatical accuracy, enhancing lexical appropriateness as needed.",
    "Revise the sentence to correct grammatical mistakes, including improper word forms, and improve clarity and vocabulary without changing the original meaning."
]
2025-11-29 16:59 - INFO - instruction 5: [
    "Examine the provided sentence and edit it to fix grammatical mistakes and enhance clarity and flow, ensuring the original meaning remains unchanged.",
    "Examine the provided sentence and fix any grammatical mistakes without altering its original meaning. If there are no errors, return the sentence as is.",
    "During revision, keep the original sentence structure and key phrases intact, making only essential grammatical corrections and minimal stylistic adjustments to preserve the exact wording and meaning. Use punctuation and conjunctions exactly as in the original, adding or removing words only when necessary for correctness.",
    "Identify and correct grammatical, lexical, and punctuation issues in the given sentence to enhance accuracy, naturalness, and readability, including appropriate word choice and stylistic improvements, while preserving the original meaning."
]
2025-11-29 16:59 - INFO - instruction 6: [
    "Locate and amend any grammatical mistakes in the provided sentence without changing its original meaning. Pay special attention to noun number, word choice, and overall grammar, enhancing lexical appropriateness as needed.",
    "Revise the sentence to correct grammatical mistakes, including improper word forms, and improve clarity and vocabulary without changing its original meaning.",
    "Examine the provided sentence and correct any punctuation or formatting errors found; if there are none, keep the sentence as is."
]
2025-11-29 16:59 - INFO - instruction 7: [
    "Locate and fix any grammatical and common punctuation errors\u2014like omitted commas after introductory phrases or unnecessary punctuation\u2014to create a correctly written sentence that retains the original meaning and wording with minimal changes.",
    "Edit the provided sentence to improve grammar, punctuation, clarity, and readability without changing its meaning. Maintain consistent verb tense and mood, use articles and prepositions correctly, and adjust sentence structure by splitting or combining sentences when appropriate.",
    "Examine the provided sentence and make corrections to any grammatical, punctuation, vocabulary, or stylistic issues, improving clarity and coherence without changing its original meaning or intent."
]
2025-11-29 16:59 - INFO - permuted instructions pool: 
2025-11-29 16:59 - INFO - instruction 0: [
    "Identify and correct grammatical errors in the given sentence while preserving its original meaning. Focus on ensuring proper noun number, appropriate word choice, and overall grammatical correctness, including improving lexical suitability when necessary.",
    "Edit the sentence to fix any grammatical errors, including incorrect word forms, and enhance clarity and word choice while maintaining the original meaning.",
    "Review the given sentence and make corrections to punctuation and formatting only if errors are present; otherwise, leave the sentence unchanged."
]
2025-11-29 16:59 - INFO - instruction 1: [
    "Identify and correct grammatical, lexical, and punctuation issues in the given sentence to enhance accuracy, naturalness, and readability, including appropriate word choice and stylistic improvements, while preserving the original meaning.",
    "Review the given sentence and correct any grammatical errors while preserving its original meaning. If the sentence is already grammatically correct, return it unchanged.",
    "When revising, maintain the original sentence structure and key phrases as closely as possible, making only necessary grammatical corrections and minimal stylistic changes to preserve the exact wording and meaning. Use punctuation and conjunctions precisely as in the original, avoiding added or omitted words unless required for correctness.",
    "Review the given sentence and revise it to correct any grammatical errors and improve clarity and naturalness, while preserving the original meaning."
]
2025-11-29 16:59 - INFO - instruction 2: [
    "Review the given sentence and make corrections to punctuation and formatting only if errors are present; otherwise, leave the sentence unchanged.",
    "Identify and correct grammatical errors in the given sentence while preserving its original meaning. Focus on ensuring proper noun number, appropriate word choice, and overall grammatical correctness, including improving lexical suitability when necessary.",
    "Edit the sentence to fix any grammatical errors, including incorrect word forms, and enhance clarity and word choice while maintaining the original meaning."
]
2025-11-29 16:59 - INFO - instruction 3: [
    "Revise the given sentence to enhance its grammar, punctuation, clarity, and overall readability without altering its original meaning. Ensure consistent verb tense and mood, correct use of articles and prepositions, and improve sentence structure by appropriately splitting or combining sentences as needed.",
    "Review the given sentence and revise it to correct any grammatical, punctuation, lexical, or stylistic errors, enhancing clarity and coherence while preserving the original meaning and intent.",
    "Identify and correct any grammatical errors and common punctuation mistakes\u2014such as missing commas after introductory phrases or extraneous punctuation\u2014to produce a properly written sentence that preserves the original meaning and wording with only minimal necessary changes."
]
2025-11-29 17:05 - INFO - 
iter_no = 02, valid_scores = [50.519999999999996, 49.0, 47.010000000000005, 46.7, 45.94, 45.300000000000004, 44.87, 43.769999999999996, 43.57, 43.13, 43.07, 42.93, 42.21, 41.55, 40.699999999999996, 39.47, 39.37, 38.800000000000004, 37.92]
2025-11-29 17:05 - INFO - --------------------------------------------------------------------------------
2025-11-29 17:05 - INFO - init_valid_score = 45.52
2025-11-29 17:05 - INFO - best_valid_score = 50.52 [ *** BEST *** ]
2025-11-29 17:05 - INFO - --------------------------------------------------------------------------------
2025-11-29 17:05 - INFO - best_instructions = [
    "Examine the provided sentence and edit it to fix grammatical mistakes and enhance clarity and flow, ensuring the original meaning remains unchanged.",
    "Examine the provided sentence and fix any grammatical mistakes without altering its original meaning. If there are no errors, return the sentence as is.",
    "During revision, keep the original sentence structure and key phrases intact, making only essential grammatical corrections and minimal stylistic adjustments to preserve the exact wording and meaning. Use punctuation and conjunctions exactly as in the original, adding or removing words only when necessary for correctness.",
    "Identify and correct grammatical, lexical, and punctuation issues in the given sentence to enhance accuracy, naturalness, and readability, including appropriate word choice and stylistic improvements, while preserving the original meaning."
]
2025-11-29 17:05 - INFO - --------------------------------------------------------------------------------
2025-11-29 17:05 - INFO - instructions pool after beam search, above average and generic algorithm: 
2025-11-29 17:05 - INFO - instruction 0: [
    "Review the given sentence and make corrections to punctuation and formatting only if errors are present; otherwise, leave the sentence unchanged.",
    "Identify and correct grammatical errors in the given sentence while preserving its original meaning. Focus on ensuring proper noun number, appropriate word choice, and overall grammatical correctness, including improving lexical suitability when necessary.",
    "Edit the sentence to fix any grammatical errors, including incorrect word forms, and enhance clarity and word choice while maintaining the original meaning."
]
2025-11-29 17:05 - INFO - instruction 1: [
    "Review the given sentence and revise it to correct any grammatical errors and improve clarity and naturalness, while preserving the original meaning.",
    "Review the given sentence and correct any grammatical errors while preserving its original meaning. If the sentence is already grammatically correct, return it unchanged.",
    "When revising, maintain the original sentence structure and key phrases as closely as possible, making only necessary grammatical corrections and minimal stylistic changes to preserve the exact wording and meaning. Use punctuation and conjunctions precisely as in the original, avoiding added or omitted words unless required for correctness.",
    "Identify and correct grammatical, lexical, and punctuation issues in the given sentence to enhance accuracy, naturalness, and readability, including appropriate word choice and stylistic improvements, while preserving the original meaning.",
    "When correcting, prefer concise and natural phrasing by removing unnecessary articles or redundant words, and ensure punctuation marks correctly separate independent clauses as full sentences where appropriate. Focus on improving fluency by selecting the most common collocations and word choices while preserving the original meaning and sentence structure."
]
2025-11-29 17:05 - INFO - instruction 2: [
    "Review the given sentence and make corrections to punctuation and formatting only if errors are present; otherwise, leave the sentence unchanged.",
    "Identify and correct grammatical errors in the given sentence while preserving its original meaning. Focus on ensuring proper noun number, appropriate word choice, and overall grammatical correctness, including improving lexical suitability when necessary.",
    "Edit the sentence to fix any grammatical errors, including incorrect word forms, and enhance clarity and word choice while maintaining the original meaning."
]
2025-11-29 17:05 - INFO - instruction 3: [
    "Identify and correct grammatical errors in the given sentence while preserving its original meaning. Focus on ensuring proper noun number, appropriate word choice, and overall grammatical correctness, including improving lexical suitability when necessary.",
    "Edit the sentence to fix any grammatical errors, including incorrect word forms, and enhance clarity and word choice while maintaining the original meaning.",
    "Review the given sentence and make corrections to punctuation and formatting only if errors are present; otherwise, leave the sentence unchanged."
]
2025-11-29 17:13 - INFO - improved instructions pool: 
2025-11-29 17:13 - INFO - instruction 0: [
    "Review the given sentence and make corrections to punctuation and formatting only if errors are present; otherwise, leave the sentence unchanged.",
    "Identify and correct grammatical errors in the given sentence while preserving its original meaning. Focus on ensuring proper noun number, appropriate word choice, and overall grammatical correctness, including improving lexical suitability when necessary.",
    "Edit the sentence to fix any grammatical errors, including incorrect word forms, and enhance clarity and word choice while maintaining the original meaning.",
    "When multiple valid corrections exist, prefer phrasing, word choice, and punctuation styles that are more formal, natural, and concise, including common collocations and idiomatic expressions. In questions or requests, rephrase sentences to polite, modal forms rather than direct or declarative forms."
]
2025-11-29 17:13 - INFO - instruction 1: [
    "When revising, carefully preserve all original words and phrasing except for necessary grammatical corrections, avoiding adding or changing modal verbs or rephrasing expressions unless strictly required. Maintain the original sentence\u2019s conjunctions and article usage even if other natural alternatives exist, ensuring minimal deviation from the source text beyond essential fixes.",
    "Review the given sentence and revise it to correct any grammatical errors and improve clarity and naturalness, while preserving the original meaning.",
    "Review the given sentence and correct any grammatical errors while preserving its original meaning. If the sentence is already grammatically correct, return it unchanged.",
    "When revising, maintain the original sentence structure and key phrases as closely as possible, making only necessary grammatical corrections and minimal stylistic changes to preserve the exact wording and meaning. Use punctuation and conjunctions precisely as in the original, avoiding added or omitted words unless required for correctness.",
    "Identify and correct grammatical, lexical, and punctuation issues in the given sentence to enhance accuracy, naturalness, and readability, including appropriate word choice and stylistic improvements, while preserving the original meaning.",
    "When correcting, prefer concise and natural phrasing by removing unnecessary articles or redundant words, and ensure punctuation marks correctly separate independent clauses as full sentences where appropriate. Focus on improving fluency by selecting the most common collocations and word choices while preserving the original meaning and sentence structure."
]
2025-11-29 17:13 - INFO - instruction 2: [
    "Review the given sentence and make corrections to punctuation and formatting only if errors are present; otherwise, leave the sentence unchanged.",
    "Always preserve original word choices and phrasing unless there is a clear grammatical or punctuation error; avoid substituting synonyms or rephrasing to maintain maximum fidelity to the input sentence. Ensure corrections address only definite errors in grammar, punctuation, and formatting without altering stylistic or lexical elements unnecessarily.",
    "Identify and correct grammatical errors in the given sentence while preserving its original meaning. Focus on ensuring proper noun number, appropriate word choice, and overall grammatical correctness, including improving lexical suitability when necessary.",
    "Edit the sentence to fix any grammatical errors, including incorrect word forms, and enhance clarity and word choice while maintaining the original meaning."
]
2025-11-29 17:13 - INFO - instruction 3: [
    "Identify and correct grammatical errors in the given sentence while preserving its original meaning. Focus on ensuring proper noun number, appropriate word choice, and overall grammatical correctness, including improving lexical suitability when necessary.",
    "Edit the sentence to fix any grammatical errors, including incorrect word forms, and enhance clarity and word choice while maintaining the original meaning.",
    "When multiple grammatically correct options exist, choose the phrasing and punctuation that most closely matches natural and conventional usage typical for formal written English, including the use of articles, auxiliary verbs, and punctuation. Avoid adding or removing words unless necessary for grammatical correctness, and prefer minimal, natural adjustments to maintain original wording as much as possible.",
    "Review the given sentence and make corrections to punctuation and formatting only if errors are present; otherwise, leave the sentence unchanged."
]
2025-11-29 17:13 - INFO - rephrased instructions pool: 
2025-11-29 17:13 - INFO - instruction 0: [
    "Examine the provided sentence and correct any punctuation or formatting errors; if none are found, keep the sentence as is.",
    "Detect and fix any grammatical mistakes in the provided sentence without changing its original meaning. Pay close attention to noun number, word choice, and overall grammar, enhancing lexical appropriateness as needed.",
    "Revise the sentence to correct any grammatical mistakes, including improper word forms, and improve clarity and vocabulary without changing its original meaning."
]
2025-11-29 17:13 - INFO - instruction 1: [
    "Examine the provided sentence and edit it to fix grammatical mistakes and enhance clarity and fluency, ensuring the original meaning remains unchanged.",
    "Review the given sentence and correct any grammatical errors while preserving its original meaning. If the sentence is already grammatically correct, return it unchanged.",
    "During revision, keep the original sentence structure and key phrases intact, making only essential grammatical fixes and minimal stylistic adjustments to retain the exact wording and meaning. Use punctuation and conjunctions exactly as in the original, avoiding additions or omissions unless necessary for correctness.",
    "Detect and fix any grammatical, lexical, and punctuation errors in the sentence to improve accuracy, clarity, and style, ensuring the original meaning remains intact.",
    "When correcting, prefer concise and natural phrasing by removing unnecessary articles or redundant words, and ensure punctuation marks correctly separate independent clauses as full sentences where appropriate. Focus on improving fluency by selecting the most common collocations and word choices while preserving the original meaning and sentence structure."
]
2025-11-29 17:13 - INFO - instruction 2: [
    "Examine the sentence and correct any punctuation or formatting errors found; if no errors exist, keep the sentence as is.",
    "Detect and amend any grammatical mistakes in the provided sentence without changing its original meaning. Pay special attention to noun agreement, word choice, and overall grammatical accuracy, enhancing word suitability as needed.",
    "Revise the sentence to correct grammatical mistakes and improper word forms, improving clarity and word choice without changing its original meaning."
]
2025-11-29 17:13 - INFO - instruction 3: [
    "Detect and fix any grammatical mistakes in the provided sentence without changing its original meaning. Pay particular attention to correct noun number, suitable word choice, and overall grammar, enhancing lexical appropriateness as needed.",
    "Revise the sentence to correct grammatical mistakes, including improper word forms, and improve clarity and vocabulary while preserving the original meaning.",
    "Examine the provided sentence and correct any punctuation or formatting mistakes if found; if there are none, keep the sentence as is."
]
2025-11-29 17:13 - INFO - instruction 4: [
    "Examine the provided sentence and correct any punctuation or formatting mistakes; if none are found, keep the sentence as is.",
    "Detect and fix any grammatical mistakes in the provided sentence without changing its original meaning, paying special attention to noun agreement, word choice, and overall grammatical accuracy, including enhancing lexical appropriateness when needed.",
    "Revise the sentence to correct grammatical mistakes, including improper word forms, and improve clarity and vocabulary without changing its original meaning."
]
2025-11-29 17:13 - INFO - instruction 5: [
    "Examine the provided sentence and modify it to fix any grammatical mistakes and enhance clarity and flow, without changing its original meaning.",
    "Review the given sentence and correct any grammatical errors while preserving its original meaning. If the sentence is already grammatically correct, return it unchanged.",
    "During revision, keep the original sentence structure and key phrases intact, applying only essential grammatical corrections and minimal stylistic adjustments to preserve the precise wording and meaning. Use punctuation and conjunctions exactly as in the original, without adding or removing words unless necessary for accuracy.",
    "Locate and fix any grammatical, lexical, and punctuation errors in the sentence to improve clarity, natural flow, and word choice, ensuring the original meaning remains intact.",
    "When correcting, prefer concise and natural phrasing by removing unnecessary articles or redundant words, and ensure punctuation marks correctly separate independent clauses as full sentences where appropriate. Focus on improving fluency by selecting the most common collocations and word choices while preserving the original meaning and sentence structure."
]
2025-11-29 17:13 - INFO - instruction 6: [
    "Examine the provided sentence and correct any punctuation or formatting mistakes, but if none are found, keep the sentence as is.",
    "Detect and correct any grammatical errors in the provided sentence without altering its original meaning. Pay special attention to noun number, word choice, and overall grammatical accuracy, enhancing lexical appropriateness as needed.",
    "Revise the sentence to correct any grammatical errors, such as incorrect word forms, and improve clarity and vocabulary without changing its original meaning."
]
2025-11-29 17:13 - INFO - instruction 7: [
    "Detect and correct any grammatical errors in the sentence without changing its original meaning. Pay particular attention to noun number, word choice, and overall grammar, enhancing lexical accuracy as needed.",
    "Revise the sentence to correct grammatical mistakes, including improper word forms, and improve clarity and vocabulary without changing its original meaning.",
    "Examine the provided sentence and correct any punctuation or formatting errors; if none are found, keep the sentence as is."
]
2025-11-29 17:13 - INFO - permuted instructions pool: 
2025-11-29 17:13 - INFO - instruction 0: [
    "Identify and correct grammatical errors in the given sentence while preserving its original meaning. Focus on ensuring proper noun number, appropriate word choice, and overall grammatical correctness, including improving lexical suitability when necessary.",
    "Review the given sentence and make corrections to punctuation and formatting only if errors are present; otherwise, leave the sentence unchanged.",
    "Edit the sentence to fix any grammatical errors, including incorrect word forms, and enhance clarity and word choice while maintaining the original meaning."
]
2025-11-29 17:13 - INFO - instruction 1: [
    "Identify and correct grammatical, lexical, and punctuation issues in the given sentence to enhance accuracy, naturalness, and readability, including appropriate word choice and stylistic improvements, while preserving the original meaning.",
    "Review the given sentence and revise it to correct any grammatical errors and improve clarity and naturalness, while preserving the original meaning.",
    "When revising, maintain the original sentence structure and key phrases as closely as possible, making only necessary grammatical corrections and minimal stylistic changes to preserve the exact wording and meaning. Use punctuation and conjunctions precisely as in the original, avoiding added or omitted words unless required for correctness.",
    "When correcting, prefer concise and natural phrasing by removing unnecessary articles or redundant words, and ensure punctuation marks correctly separate independent clauses as full sentences where appropriate. Focus on improving fluency by selecting the most common collocations and word choices while preserving the original meaning and sentence structure.",
    "Review the given sentence and correct any grammatical errors while preserving its original meaning. If the sentence is already grammatically correct, return it unchanged."
]
2025-11-29 17:13 - INFO - instruction 2: [
    "Review the given sentence and make corrections to punctuation and formatting only if errors are present; otherwise, leave the sentence unchanged.",
    "Edit the sentence to fix any grammatical errors, including incorrect word forms, and enhance clarity and word choice while maintaining the original meaning.",
    "Identify and correct grammatical errors in the given sentence while preserving its original meaning. Focus on ensuring proper noun number, appropriate word choice, and overall grammatical correctness, including improving lexical suitability when necessary."
]
2025-11-29 17:13 - INFO - instruction 3: [
    "Edit the sentence to fix any grammatical errors, including incorrect word forms, and enhance clarity and word choice while maintaining the original meaning.",
    "Identify and correct grammatical errors in the given sentence while preserving its original meaning. Focus on ensuring proper noun number, appropriate word choice, and overall grammatical correctness, including improving lexical suitability when necessary.",
    "Review the given sentence and make corrections to punctuation and formatting only if errors are present; otherwise, leave the sentence unchanged."
]
2025-11-29 17:29 - INFO - 
iter_no = 00, valid_scores = [45.85, 44.5, 44.34, 43.66]
2025-11-29 17:29 - INFO - --------------------------------------------------------------------------------
2025-11-29 17:29 - INFO - init_valid_score = 45.85
2025-11-29 17:29 - INFO - best_valid_score = 45.85 [ *** BEST *** ]
2025-11-29 17:29 - INFO - --------------------------------------------------------------------------------
2025-11-29 17:29 - INFO - best_instructions = [
    "Revise the text to correct grammatical errors, such as missing or incorrect verbs and awkward phrasing, while maintaining the original meaning and clarity.",
    "Review the given sentence and correct any grammatical errors, including issues with punctuation, article usage, and sentence structure, to produce a clear, natural, and grammatically accurate version without changing its original meaning.",
    "Review the given text and make only the grammatical corrections needed, ensuring the original meaning and style remain unchanged. If the text is already grammatically correct, leave it as is."
]
2025-11-29 17:29 - INFO - --------------------------------------------------------------------------------
2025-11-29 17:29 - INFO - instructions pool after beam search, above average and generic algorithm: 
2025-11-29 17:29 - INFO - instruction 0: [
    "Revise the text to correct grammatical errors, such as missing or incorrect verbs and awkward phrasing, while maintaining the original meaning and clarity.",
    "Review the given sentence and correct any grammatical errors, including issues with punctuation, article usage, and sentence structure, to produce a clear, natural, and grammatically accurate version without changing its original meaning.",
    "Review the given text and make only the grammatical corrections needed, ensuring the original meaning and style remain unchanged. If the text is already grammatically correct, leave it as is."
]
2025-11-29 17:29 - INFO - instruction 1: [
    "Review the given sentence and make grammatical corrections only if necessary, ensuring the original meaning remains unchanged; if the sentence is already grammatically correct, return it as is.",
    "Review the given sentence and make only the necessary corrections to grammar and punctuation to improve its accuracy, while maintaining the original meaning and overall sentence structure.",
    "Edit the given sentence to correct any grammatical errors, ensure proper punctuation\u2014including hyphenation in compound modifiers\u2014and improve overall clarity. Provide the revised version of the sentence without changing its original meaning."
]
2025-11-29 17:29 - INFO - instruction 2: [
    "Review the given sentence for any grammatical errors\u2014including issues with word forms, syntax, punctuation, and agreement\u2014and correct them while preserving the original meaning.",
    "Correct the sentence by addressing grammatical errors such as capitalization, punctuation, and subject-verb agreement, while preserving the original meaning.",
    "Identify and correct grammatical errors in the given sentences while preserving their original meaning and punctuation. Ensure proper capitalization at the beginning of sentences, appropriate word choice including prepositions, and correct sentence structure in the revised output."
]
2025-11-29 17:29 - INFO - instruction 3: [
    "Review the given sentence for any grammatical errors and revise it to produce a clear, well-structured, and grammatically correct version. If the sentence is already correct, return it unchanged.",
    "Identify and correct any grammatical, capitalization, spelling, or typographical errors in the given sentence, making only minimal changes necessary to preserve its original meaning and overall structure.",
    "Revise the given sentence to improve its grammatical correctness, clarity, and coherence while preserving the original meaning."
]
2025-11-29 17:38 - INFO - improved instructions pool: 
2025-11-29 17:38 - INFO - instruction 0: [
    "Revise the text to correct grammatical errors, such as missing or incorrect verbs and awkward phrasing, while maintaining the original meaning and clarity.",
    "Ensure the use of standard punctuation and conjunction rules, such as adding commas after introductory phrases and before conjunctions in lists unless the conjunction connects only two items. Maintain original punctuation styles and sentence boundaries, avoiding unnecessary semicolons or added conjunctions that alter the phrasing.",
    "Review the given sentence and correct any grammatical errors, including issues with punctuation, article usage, and sentence structure, to produce a clear, natural, and grammatically accurate version without changing its original meaning.",
    "Review the given text and make only the grammatical corrections needed, ensuring the original meaning and style remain unchanged. If the text is already grammatically correct, leave it as is."
]
2025-11-29 17:38 - INFO - instruction 1: [
    "Review the given sentence and make grammatical corrections only if necessary, ensuring the original meaning remains unchanged; if the sentence is already grammatically correct, return it as is.",
    "Review the given sentence and make only the necessary corrections to grammar and punctuation to improve its accuracy, while maintaining the original meaning and overall sentence structure.",
    "Edit the given sentence to correct any grammatical errors, ensure proper punctuation\u2014including hyphenation in compound modifiers\u2014and improve overall clarity. Provide the revised version of the sentence without changing its original meaning.",
    "When making corrections, prefer singular or uncountable nouns over plural forms if it preserves meaning, convert verbs to match subject agreement exactly, and use possessive forms for time expressions as in standard usage. Additionally, replace vague or imprecise phrases with clearer, more natural equivalents without altering the original meaning."
]
2025-11-29 17:38 - INFO - instruction 2: [
    "Review the given sentence for any grammatical errors\u2014including issues with word forms, syntax, punctuation, and agreement\u2014and correct them while preserving the original meaning.",
    "Correct the sentence by addressing grammatical errors such as capitalization, punctuation, and subject-verb agreement, while preserving the original meaning.",
    "Ensure that corrections maintain the original sentence structure, phrasing, and word choice as closely as possible while fixing only explicit grammatical errors and punctuation. Avoid adding, removing, or significantly rephrasing content unless absolutely necessary for grammatical correctness.",
    "Identify and correct grammatical errors in the given sentences while preserving their original meaning and punctuation. Ensure proper capitalization at the beginning of sentences, appropriate word choice including prepositions, and correct sentence structure in the revised output."
]
2025-11-29 17:38 - INFO - instruction 3: [
    "Review the given sentence for any grammatical errors and revise it to produce a clear, well-structured, and grammatically correct version. If the sentence is already correct, return it unchanged.",
    "When revising sentences, ensure to retain original phrasing and sentence structure as closely as possible, including punctuation and word choice, making only minimal necessary corrections. Preserve all articles, conjunctions, and stylistic elements exactly as given unless they contain clear grammatical errors.",
    "Identify and correct any grammatical, capitalization, spelling, or typographical errors in the given sentence, making only minimal changes necessary to preserve its original meaning and overall structure.",
    "Revise the given sentence to improve its grammatical correctness, clarity, and coherence while preserving the original meaning."
]
2025-11-29 17:38 - INFO - rephrased instructions pool: 
2025-11-29 17:38 - INFO - instruction 0: [
    "Edit the text to fix grammatical mistakes, including missing or incorrect verbs and awkward wording, without changing the original meaning or clarity. Ensure the revision preserves the intended message.",
    "Examine the provided sentence and fix any grammatical mistakes\u2014such as punctuation, article usage, and sentence structure\u2014to create a clear, natural, and grammatically correct version while preserving its original meaning.",
    "Examine the provided text and correct any grammatical errors without altering its original meaning or style. If no errors are found, keep the text unchanged."
]
2025-11-29 17:38 - INFO - instruction 1: [
    "Examine the provided sentence and correct any grammatical errors without altering its original meaning; if it is already correct, leave it unchanged.",
    "Examine the provided sentence and correct only the essential grammar and punctuation errors to enhance its accuracy, preserving the original meaning and sentence structure.",
    "Revise the given sentence to fix grammatical mistakes, use correct punctuation\u2014including hyphens in compound modifiers\u2014and enhance clarity. Submit the corrected sentence while preserving its original meaning."
]
2025-11-29 17:38 - INFO - instruction 2: [
    "Examine the provided sentence for grammatical mistakes, such as errors in word forms, syntax, punctuation, and agreement, and correct them without changing the original meaning.",
    "Revise the sentence to fix grammatical mistakes, including capitalization, punctuation, and subject-verb agreement, without changing its original meaning. Ensure the meaning remains intact while correcting these errors.",
    "Detect and fix any grammatical mistakes in the provided sentences without changing their original meaning or punctuation. Maintain correct capitalization, suitable word choice (including prepositions), and proper sentence structure in your corrections."
]
2025-11-29 17:38 - INFO - instruction 3: [
    "Examine the provided sentence for grammatical mistakes and rewrite it to ensure clarity, proper structure, and correctness. If there are no errors, return the sentence as is.",
    "Locate and fix any grammatical, capitalization, spelling, or typographical mistakes in the provided sentence, making only the smallest adjustments needed to maintain its original meaning and structure.",
    "Edit the provided sentence to enhance its grammar, clarity, and coherence without changing its original meaning. Ensure the revised version maintains the intended message."
]
2025-11-29 17:38 - INFO - instruction 4: [
    "Edit the text to fix grammatical mistakes, including missing or incorrect verbs and awkward wording, without changing its original meaning or clarity.",
    "Examine the provided sentence and fix any grammatical mistakes, such as punctuation, article use, and sentence structure, to create a clear, natural, and grammatically correct version that preserves the original meaning.",
    "Examine the provided text and apply only necessary grammatical corrections, preserving its original meaning and style. If no errors are found, keep the text unchanged."
]
2025-11-29 17:38 - INFO - instruction 5: [
    "Examine the provided sentence and correct any grammatical errors without altering its original meaning; if it is already correct, return it unchanged.",
    "Examine the provided sentence and apply only essential grammar and punctuation corrections to enhance its accuracy, preserving the original meaning and sentence structure.",
    "Revise the provided sentence to fix grammatical mistakes, apply correct punctuation\u2014including hyphens in compound modifiers\u2014and enhance clarity. Submit the corrected sentence while preserving its original meaning."
]
2025-11-29 17:38 - INFO - instruction 6: [
    "Examine the provided sentence for grammatical mistakes, such as errors in word choice, syntax, punctuation, and agreement, and correct them without changing the original meaning.",
    "Revise the sentence to fix grammatical issues like capitalization, punctuation, and subject-verb agreement without changing its original meaning. Ensure the corrected sentence maintains the intended message.",
    "Find and fix grammatical mistakes in the provided sentences without changing their original meaning or punctuation. Make sure to use correct capitalization at the start, accurate word choice including prepositions, and proper sentence structure in the corrected version."
]
2025-11-29 17:38 - INFO - instruction 7: [
    "Examine the provided sentence for grammatical mistakes and rewrite it to ensure clarity and proper structure. If no errors are found, return the original sentence as is.",
    "Locate and fix any grammatical, capitalization, spelling, or typographical mistakes in the sentence, making only the minimal adjustments needed to maintain its original meaning and structure.",
    "Edit the provided sentence to enhance its grammar, clarity, and coherence without changing its original meaning. Ensure the revised sentence retains the intended message."
]
2025-11-29 17:38 - INFO - permuted instructions pool: 
2025-11-29 17:38 - INFO - instruction 0: [
    "Review the given text and make only the grammatical corrections needed, ensuring the original meaning and style remain unchanged. If the text is already grammatically correct, leave it as is.",
    "Review the given sentence and correct any grammatical errors, including issues with punctuation, article usage, and sentence structure, to produce a clear, natural, and grammatically accurate version without changing its original meaning.",
    "Revise the text to correct grammatical errors, such as missing or incorrect verbs and awkward phrasing, while maintaining the original meaning and clarity."
]
2025-11-29 17:38 - INFO - instruction 1: [
    "Review the given sentence and make only the necessary corrections to grammar and punctuation to improve its accuracy, while maintaining the original meaning and overall sentence structure.",
    "Review the given sentence and make grammatical corrections only if necessary, ensuring the original meaning remains unchanged; if the sentence is already grammatically correct, return it as is.",
    "Edit the given sentence to correct any grammatical errors, ensure proper punctuation\u2014including hyphenation in compound modifiers\u2014and improve overall clarity. Provide the revised version of the sentence without changing its original meaning."
]
2025-11-29 17:38 - INFO - instruction 2: [
    "Identify and correct grammatical errors in the given sentences while preserving their original meaning and punctuation. Ensure proper capitalization at the beginning of sentences, appropriate word choice including prepositions, and correct sentence structure in the revised output.",
    "Correct the sentence by addressing grammatical errors such as capitalization, punctuation, and subject-verb agreement, while preserving the original meaning.",
    "Review the given sentence for any grammatical errors\u2014including issues with word forms, syntax, punctuation, and agreement\u2014and correct them while preserving the original meaning."
]
2025-11-29 17:38 - INFO - instruction 3: [
    "Identify and correct any grammatical, capitalization, spelling, or typographical errors in the given sentence, making only minimal changes necessary to preserve its original meaning and overall structure.",
    "Review the given sentence for any grammatical errors and revise it to produce a clear, well-structured, and grammatically correct version. If the sentence is already correct, return it unchanged.",
    "Revise the given sentence to improve its grammatical correctness, clarity, and coherence while preserving the original meaning."
]
2025-11-29 17:44 - INFO - 
iter_no = 01, valid_scores = [47.32, 46.550000000000004, 46.129999999999995, 46.07, 46.07, 45.58, 45.53, 45.379999999999995, 44.28, 44.25, 43.97, 43.87, 43.63, 43.480000000000004, 43.18, 43.13, 42.35, 42.08, 42.059999999999995, 41.78]
2025-11-29 17:44 - INFO - --------------------------------------------------------------------------------
2025-11-29 17:44 - INFO - init_valid_score = 45.85
2025-11-29 17:44 - INFO - best_valid_score = 47.32 [ *** BEST *** ]
2025-11-29 17:44 - INFO - --------------------------------------------------------------------------------
2025-11-29 17:44 - INFO - best_instructions = [
    "Examine the provided sentence for grammatical mistakes, such as errors in word forms, syntax, punctuation, and agreement, and correct them without changing the original meaning.",
    "Revise the sentence to fix grammatical mistakes, including capitalization, punctuation, and subject-verb agreement, without changing its original meaning. Ensure the meaning remains intact while correcting these errors.",
    "Detect and fix any grammatical mistakes in the provided sentences without changing their original meaning or punctuation. Maintain correct capitalization, suitable word choice (including prepositions), and proper sentence structure in your corrections."
]
2025-11-29 17:44 - INFO - --------------------------------------------------------------------------------
2025-11-29 17:44 - INFO - instructions pool after beam search, above average and generic algorithm: 
2025-11-29 17:44 - INFO - instruction 0: [
    "Examine the provided sentence for grammatical mistakes, such as errors in word forms, syntax, punctuation, and agreement, and correct them without changing the original meaning.",
    "Revise the sentence to fix grammatical mistakes, including capitalization, punctuation, and subject-verb agreement, without changing its original meaning. Ensure the meaning remains intact while correcting these errors.",
    "Detect and fix any grammatical mistakes in the provided sentences without changing their original meaning or punctuation. Maintain correct capitalization, suitable word choice (including prepositions), and proper sentence structure in your corrections."
]
2025-11-29 17:44 - INFO - instruction 1: [
    "Examine the provided sentence for grammatical mistakes and rewrite it to ensure clarity and proper structure. If no errors are found, return the original sentence as is.",
    "Locate and fix any grammatical, capitalization, spelling, or typographical mistakes in the sentence, making only the minimal adjustments needed to maintain its original meaning and structure.",
    "Edit the provided sentence to enhance its grammar, clarity, and coherence without changing its original meaning. Ensure the revised sentence retains the intended message."
]
2025-11-29 17:44 - INFO - instruction 2: [
    "Review the given text and make only the grammatical corrections needed, ensuring the original meaning and style remain unchanged. If the text is already grammatically correct, leave it as is.",
    "Review the given sentence and correct any grammatical errors, including issues with punctuation, article usage, and sentence structure, to produce a clear, natural, and grammatically accurate version without changing its original meaning.",
    "Revise the text to correct grammatical errors, such as missing or incorrect verbs and awkward phrasing, while maintaining the original meaning and clarity."
]
2025-11-29 17:44 - INFO - instruction 3: [
    "Revise the text to correct grammatical errors, such as missing or incorrect verbs and awkward phrasing, while maintaining the original meaning and clarity.",
    "Review the given sentence and correct any grammatical errors, including issues with punctuation, article usage, and sentence structure, to produce a clear, natural, and grammatically accurate version without changing its original meaning.",
    "Review the given text and make only the grammatical corrections needed, ensuring the original meaning and style remain unchanged. If the text is already grammatically correct, leave it as is."
]
2025-11-29 17:51 - INFO - improved instructions pool: 
2025-11-29 17:51 - INFO - instruction 0: [
    "Examine the provided sentence for grammatical mistakes, such as errors in word forms, syntax, punctuation, and agreement, and correct them without changing the original meaning.",
    "Ensure corrections preserve all original word choices, phrasing, and expressions exactly, modifying only grammatical mistakes without adding, removing, or reordering words. Maintain the original sentence structure and idiomatic usage precisely to minimize differences.",
    "Revise the sentence to fix grammatical mistakes, including capitalization, punctuation, and subject-verb agreement, without changing its original meaning. Ensure the meaning remains intact while correcting these errors.",
    "Detect and fix any grammatical mistakes in the provided sentences without changing their original meaning or punctuation. Maintain correct capitalization, suitable word choice (including prepositions), and proper sentence structure in your corrections."
]
2025-11-29 17:51 - INFO - instruction 1: [
    "When correcting sentences, strictly preserve original phrasing and punctuation choices unless they contain clear grammatical errors; avoid adding or removing conjunctions and punctuation that alter the sentence's style or meaning. Use minimal edits to fix grammar and clarity while matching the original sentence\u2019s structure as closely as possible.",
    "Examine the provided sentence for grammatical mistakes and rewrite it to ensure clarity and proper structure. If no errors are found, return the original sentence as is.",
    "Locate and fix any grammatical, capitalization, spelling, or typographical mistakes in the sentence, making only the minimal adjustments needed to maintain its original meaning and structure.",
    "Edit the provided sentence to enhance its grammar, clarity, and coherence without changing its original meaning. Ensure the revised sentence retains the intended message."
]
2025-11-29 17:51 - INFO - instruction 2: [
    "Review the given text and make only the grammatical corrections needed, ensuring the original meaning and style remain unchanged. If the text is already grammatically correct, leave it as is.",
    "Review the given sentence and correct any grammatical errors, including issues with punctuation, article usage, and sentence structure, to produce a clear, natural, and grammatically accurate version without changing its original meaning.",
    "Revise the text to correct grammatical errors, such as missing or incorrect verbs and awkward phrasing, while maintaining the original meaning and clarity.",
    "When correcting, use standard punctuation and sentence boundaries as in natural written English, including splitting run-on sentences appropriately and capitalizing proper nouns and sentence starts. Ensure idiomatic expressions and common phrases remain unchanged in wording and structure to preserve naturalness and clarity."
]
2025-11-29 17:51 - INFO - instruction 3: [
    "Revise the text to correct grammatical errors, such as missing or incorrect verbs and awkward phrasing, while maintaining the original meaning and clarity.",
    "When correcting the text, ensure that all punctuation, hyphenation, and word choices match the original style precisely, and avoid paraphrasing by preserving lexical and syntactic elements as closely as possible while fixing grammar.",
    "Review the given sentence and correct any grammatical errors, including issues with punctuation, article usage, and sentence structure, to produce a clear, natural, and grammatically accurate version without changing its original meaning.",
    "Review the given text and make only the grammatical corrections needed, ensuring the original meaning and style remain unchanged. If the text is already grammatically correct, leave it as is."
]
2025-11-29 17:51 - INFO - rephrased instructions pool: 
2025-11-29 17:51 - INFO - instruction 0: [
    "Review the given sentence for grammatical errors, including issues with word forms, syntax, punctuation, and agreement, and correct them while preserving the original meaning.",
    "Correct the sentence\u2019s grammatical errors\u2014such as capitalization, punctuation, and subject-verb agreement\u2014without altering its original meaning. Maintain the sentence\u2019s intended message while making these corrections.",
    "Identify and correct any grammatical errors in the given sentences while preserving their original meaning and punctuation. Ensure proper capitalization, appropriate word usage (including prepositions), and correct sentence structure in your revisions."
]
2025-11-29 17:51 - INFO - instruction 1: [
    "Review the given sentence for any grammatical errors and revise it to improve clarity and structure. If it is already correct, return the sentence unchanged.",
    "Identify and correct any grammatical, capitalization, spelling, or typographical errors in the sentence, making the smallest possible changes to preserve its original meaning and structure.",
    "Improve the given sentence by refining its grammar, clarity, and coherence while preserving the original meaning. Make sure the updated sentence conveys the same message."
]
2025-11-29 17:51 - INFO - instruction 2: [
    "Examine the provided text and correct only the grammatical errors without altering its original meaning or style. If no corrections are necessary, keep the text unchanged.",
    "Examine the provided sentence and fix any grammatical mistakes, such as punctuation, article use, and sentence structure, to create a clear, natural, and grammatically correct version without altering its original meaning.",
    "Edit the text to fix grammatical mistakes, including missing or wrong verbs and awkward wording, without altering the original meaning or clarity. Ensure the revised version remains clear and faithful to the source."
]
2025-11-29 17:51 - INFO - instruction 3: [
    "Edit the text to fix grammatical mistakes, including missing or incorrect verbs and awkward wording, without changing its original meaning or clarity. Ensure the revision preserves the intended message.",
    "Examine the provided sentence and fix any grammatical mistakes, such as punctuation, article usage, and sentence structure, to create a clear, natural, and grammatically correct version that retains the original meaning.",
    "Examine the provided text and correct only any grammatical errors without altering its original meaning or style. If the text is free of grammatical mistakes, keep it unchanged."
]
2025-11-29 17:51 - INFO - instruction 4: [
    "Review the given sentence for grammatical errors, including word forms, syntax, punctuation, and agreement, and make corrections without altering its original meaning.",
    "Correct the sentence's grammatical errors, such as capitalization, punctuation, and subject-verb agreement, without altering its original meaning. Maintain the intended message while making these corrections.",
    "Identify and correct any grammatical errors in the given sentences without altering their original meaning or punctuation. Ensure proper capitalization, appropriate word usage (including prepositions), and correct sentence structure in your revisions."
]
2025-11-29 17:51 - INFO - instruction 5: [
    "Review the given sentence for any grammatical errors and rewrite it to improve clarity and structure. If it is already correct, return the sentence unchanged.",
    "Identify and correct any grammatical, spelling, capitalization, or typographical errors in the sentence, making only the smallest changes necessary to preserve its original meaning and structure.",
    "Revise the given sentence to improve grammar, clarity, and coherence while preserving its original meaning. Make sure the intended message remains unchanged."
]
2025-11-29 17:51 - INFO - instruction 6: [
    "Examine the provided text and correct any grammatical errors without altering its original meaning or style. If no corrections are necessary, leave the text unchanged.",
    "Examine the provided sentence and fix any grammatical mistakes\u2014such as punctuation, article use, or sentence structure\u2014ensuring the result is clear, natural, and grammatically correct without altering its original meaning.",
    "Edit the text to fix grammatical mistakes, including missing or incorrect verbs and awkward wording, without changing its original meaning or clarity."
]
2025-11-29 17:51 - INFO - instruction 7: [
    "Edit the text to fix grammatical mistakes, including missing or incorrect verbs and awkward wording, without changing its original meaning or clarity.",
    "Examine the provided sentence and fix any grammatical mistakes\u2014such as punctuation, article use, and sentence construction\u2014to create a clear, natural, and grammatically correct version that preserves the original meaning.",
    "Examine the provided text and correct any grammatical errors without altering its original meaning or style. If there are no errors, keep the text unchanged."
]
2025-11-29 17:51 - INFO - permuted instructions pool: 
2025-11-29 17:51 - INFO - instruction 0: [
    "Detect and fix any grammatical mistakes in the provided sentences without changing their original meaning or punctuation. Maintain correct capitalization, suitable word choice (including prepositions), and proper sentence structure in your corrections.",
    "Revise the sentence to fix grammatical mistakes, including capitalization, punctuation, and subject-verb agreement, without changing its original meaning. Ensure the meaning remains intact while correcting these errors.",
    "Examine the provided sentence for grammatical mistakes, such as errors in word forms, syntax, punctuation, and agreement, and correct them without changing the original meaning."
]
2025-11-29 17:51 - INFO - instruction 1: [
    "Edit the provided sentence to enhance its grammar, clarity, and coherence without changing its original meaning. Ensure the revised sentence retains the intended message.",
    "Examine the provided sentence for grammatical mistakes and rewrite it to ensure clarity and proper structure. If no errors are found, return the original sentence as is.",
    "Locate and fix any grammatical, capitalization, spelling, or typographical mistakes in the sentence, making only the minimal adjustments needed to maintain its original meaning and structure."
]
2025-11-29 17:51 - INFO - instruction 2: [
    "Revise the text to correct grammatical errors, such as missing or incorrect verbs and awkward phrasing, while maintaining the original meaning and clarity.",
    "Review the given sentence and correct any grammatical errors, including issues with punctuation, article usage, and sentence structure, to produce a clear, natural, and grammatically accurate version without changing its original meaning.",
    "Review the given text and make only the grammatical corrections needed, ensuring the original meaning and style remain unchanged. If the text is already grammatically correct, leave it as is."
]
2025-11-29 17:51 - INFO - instruction 3: [
    "Review the given sentence and correct any grammatical errors, including issues with punctuation, article usage, and sentence structure, to produce a clear, natural, and grammatically accurate version without changing its original meaning.",
    "Revise the text to correct grammatical errors, such as missing or incorrect verbs and awkward phrasing, while maintaining the original meaning and clarity.",
    "Review the given text and make only the grammatical corrections needed, ensuring the original meaning and style remain unchanged. If the text is already grammatically correct, leave it as is."
]
2025-11-29 17:57 - INFO - 
iter_no = 02, valid_scores = [49.07, 48.54, 48.54, 47.870000000000005, 47.11, 47.010000000000005, 46.92, 46.64, 46.11, 45.96, 45.190000000000005, 45.12, 44.519999999999996, 43.69, 43.66, 43.45, 43.4, 43.34, 42.15, 40.43]
2025-11-29 17:57 - INFO - --------------------------------------------------------------------------------
2025-11-29 17:57 - INFO - init_valid_score = 45.85
2025-11-29 17:57 - INFO - best_valid_score = 49.07 [ *** BEST *** ]
2025-11-29 17:57 - INFO - --------------------------------------------------------------------------------
2025-11-29 17:57 - INFO - best_instructions = [
    "Examine the provided text and correct only the grammatical errors without altering its original meaning or style. If no corrections are necessary, keep the text unchanged.",
    "Examine the provided sentence and fix any grammatical mistakes, such as punctuation, article use, and sentence structure, to create a clear, natural, and grammatically correct version without altering its original meaning.",
    "Edit the text to fix grammatical mistakes, including missing or wrong verbs and awkward wording, without altering the original meaning or clarity. Ensure the revised version remains clear and faithful to the source."
]
2025-11-29 17:57 - INFO - --------------------------------------------------------------------------------
2025-11-29 17:57 - INFO - instructions pool after beam search, above average and generic algorithm: 
2025-11-29 17:57 - INFO - instruction 0: [
    "Examine the provided text and correct only the grammatical errors without altering its original meaning or style. If no corrections are necessary, keep the text unchanged.",
    "Examine the provided sentence and fix any grammatical mistakes, such as punctuation, article use, and sentence structure, to create a clear, natural, and grammatically correct version without altering its original meaning.",
    "Edit the text to fix grammatical mistakes, including missing or wrong verbs and awkward wording, without altering the original meaning or clarity. Ensure the revised version remains clear and faithful to the source."
]
2025-11-29 17:57 - INFO - instruction 1: [
    "Review the given text and make only the grammatical corrections needed, ensuring the original meaning and style remain unchanged. If the text is already grammatically correct, leave it as is.",
    "Review the given sentence and correct any grammatical errors, including issues with punctuation, article usage, and sentence structure, to produce a clear, natural, and grammatically accurate version without changing its original meaning.",
    "Revise the text to correct grammatical errors, such as missing or incorrect verbs and awkward phrasing, while maintaining the original meaning and clarity.",
    "When correcting, use standard punctuation and sentence boundaries as in natural written English, including splitting run-on sentences appropriately and capitalizing proper nouns and sentence starts. Ensure idiomatic expressions and common phrases remain unchanged in wording and structure to preserve naturalness and clarity."
]
2025-11-29 17:57 - INFO - instruction 2: [
    "Examine the provided sentence for grammatical mistakes, such as errors in word forms, syntax, punctuation, and agreement, and correct them without changing the original meaning.",
    "Revise the sentence to fix grammatical mistakes, including capitalization, punctuation, and subject-verb agreement, without changing its original meaning. Ensure the meaning remains intact while correcting these errors.",
    "Detect and fix any grammatical mistakes in the provided sentences without changing their original meaning or punctuation. Maintain correct capitalization, suitable word choice (including prepositions), and proper sentence structure in your corrections."
]
2025-11-29 17:57 - INFO - instruction 3: [
    "Edit the text to fix grammatical mistakes, including missing or incorrect verbs and awkward wording, without changing its original meaning or clarity.",
    "Examine the provided sentence and fix any grammatical mistakes\u2014such as punctuation, article use, and sentence construction\u2014to create a clear, natural, and grammatically correct version that preserves the original meaning.",
    "Examine the provided text and correct any grammatical errors without altering its original meaning or style. If there are no errors, keep the text unchanged."
]
2025-11-29 18:06 - INFO - improved instructions pool: 
2025-11-29 18:06 - INFO - instruction 0: [
    "Examine the provided text and correct only the grammatical errors without altering its original meaning or style. If no corrections are necessary, keep the text unchanged.",
    "When correcting, ensure precise use of articles, proper pluralization, and consistent punctuation as in standard written English, especially for lists and cost expressions. Maintain original word choices and avoid unnecessary changes to wording or form while improving grammatical accuracy.",
    "Examine the provided sentence and fix any grammatical mistakes, such as punctuation, article use, and sentence structure, to create a clear, natural, and grammatically correct version without altering its original meaning.",
    "Edit the text to fix grammatical mistakes, including missing or wrong verbs and awkward wording, without altering the original meaning or clarity. Ensure the revised version remains clear and faithful to the source."
]
2025-11-29 18:06 - INFO - instruction 1: [
    "Review the given text and make only the grammatical corrections needed, ensuring the original meaning and style remain unchanged. If the text is already grammatically correct, leave it as is.",
    "When multiple grammatically correct options exist, choose the wording and phrasing that most closely matches natural, commonly used expressions in standard English, avoiding unnecessary changes to subject-verb agreement or vocabulary. Maintain original word choices unless they are clearly incorrect, and prefer consistency with typical collocations and idiomatic usage.",
    "Review the given sentence and correct any grammatical errors, including issues with punctuation, article usage, and sentence structure, to produce a clear, natural, and grammatically accurate version without changing its original meaning.",
    "Revise the text to correct grammatical errors, such as missing or incorrect verbs and awkward phrasing, while maintaining the original meaning and clarity.",
    "When correcting, use standard punctuation and sentence boundaries as in natural written English, including splitting run-on sentences appropriately and capitalizing proper nouns and sentence starts. Ensure idiomatic expressions and common phrases remain unchanged in wording and structure to preserve naturalness and clarity."
]
2025-11-29 18:06 - INFO - instruction 2: [
    "Edit the text to fix grammatical mistakes, including missing or incorrect verbs and awkward wording, without changing its original meaning or clarity.",
    "Examine the provided sentence and fix any grammatical mistakes\u2014such as punctuation, article use, and sentence construction\u2014to create a clear, natural, and grammatically correct version that preserves the original meaning.",
    "Examine the provided text and correct any grammatical errors without altering its original meaning or style. If there are no errors, keep the text unchanged.",
    "The System must replicate phrase choices, punctuation, and conjunction usage exactly as in model examples, ensuring no unnecessary alterations to wording or style, especially in conjunction placement and article use. Prioritize matching the original sentence's structure and lexical choices precisely while correcting grammar."
]
2025-11-29 18:06 - INFO - rephrased instructions pool: 
2025-11-29 18:06 - INFO - instruction 0: [
    "Review the given text and fix any grammatical mistakes without changing its original meaning or tone. If the text is already correct, leave it as is.",
    "Review the given sentence and correct any grammatical errors, including punctuation, article usage, and sentence structure, to produce a clear, natural, and grammatically accurate version that retains the original meaning.",
    "Revise the text to correct grammatical errors, such as incorrect or missing verbs and awkward phrasing, while preserving the original meaning and clarity. Make sure the edited version stays clear and true to the source."
]
2025-11-29 18:06 - INFO - instruction 1: [
    "Examine the provided text and correct only any grammatical errors, preserving the original meaning and style. If no errors are found, keep the text unchanged.",
    "Review the given sentence and correct any grammatical errors, including issues with punctuation, article usage, and sentence structure, to produce a clear, natural, and grammatically accurate version without changing its original meaning.",
    "Edit the text to fix grammatical mistakes, including missing or incorrect verbs and awkward phrasing, without altering the original meaning or clarity. Ensure the revised version preserves the intended message.",
    "When correcting, apply standard punctuation and sentence boundaries typical of natural written English, properly splitting run-on sentences and capitalizing proper nouns and sentence beginnings. Maintain idiomatic expressions and common phrases exactly as they are to preserve naturalness and clarity."
]
2025-11-29 18:06 - INFO - instruction 2: [
    "Review the given sentence for grammatical errors\u2014including issues with word forms, syntax, punctuation, and agreement\u2014and correct them while preserving the original meaning.",
    "Correct the sentence for grammar, including capitalization, punctuation, and subject-verb agreement, without altering its original meaning. Make sure the intended message stays the same while fixing these mistakes.",
    "Identify and correct any grammatical errors in the given sentences without altering their original meaning or punctuation. Ensure proper capitalization, appropriate word usage (including prepositions), and correct sentence structure in your revisions."
]
2025-11-29 18:06 - INFO - instruction 3: [
    "Revise the text to correct grammatical errors, such as missing or incorrect verbs and awkward phrasing, while preserving its original meaning and clarity.",
    "Review the given sentence and correct any grammatical errors, including punctuation, article usage, and structure, to produce a clear, natural, and grammatically accurate version that retains the original meaning.",
    "Review the given text and fix any grammatical mistakes without changing its original meaning or tone. If the text is error-free, leave it as is."
]
2025-11-29 18:06 - INFO - instruction 4: [
    "Review the given text and fix any grammatical mistakes without changing its original meaning or style. If there are no errors, leave the text as is.",
    "Review the given sentence and correct any grammatical errors, including punctuation, articles, and sentence structure, to produce a clear, natural, and grammatically accurate version without changing its original meaning.",
    "Revise the text to correct grammatical errors, such as missing or incorrect verbs and awkward phrasing, while preserving the original meaning and clarity. Make sure the updated version stays true to the source and remains easy to understand."
]
2025-11-29 18:06 - INFO - instruction 5: [
    "Examine the provided text and correct only the grammatical errors without altering its original meaning or style. If there are no grammatical issues, keep the text unchanged.",
    "Review the given sentence and correct any grammatical errors, including issues with punctuation, article usage, and sentence structure, to produce a clear, natural, and grammatically accurate version without changing its original meaning.",
    "Edit the text to fix grammatical mistakes, including missing or incorrect verbs and awkward wording, without altering its original meaning or clarity. Ensure the revised version remains clear and faithful to the source.",
    "When correcting, apply standard punctuation and sentence boundaries as found in natural written English, splitting run-on sentences as needed and capitalizing proper nouns and sentence beginnings. Keep idiomatic expressions and common phrases unchanged in wording and structure to maintain naturalness and clarity."
]
2025-11-29 18:06 - INFO - instruction 6: [
    "Review the given sentence for grammatical errors, including issues with word forms, syntax, punctuation, and agreement, and correct them while preserving the original meaning.",
    "Correct the sentence\u2019s grammar, including capitalization, punctuation, and subject-verb agreement, without altering its original meaning. Make sure the intended meaning stays the same while fixing these errors.",
    "Identify and correct any grammatical errors in the given sentences without altering their original meaning or punctuation. Ensure proper capitalization, appropriate word usage (including prepositions), and correct sentence structure in your revisions."
]
2025-11-29 18:06 - INFO - instruction 7: [
    "Revise the text to correct grammatical errors, such as missing or incorrect verbs and awkward phrasing, while preserving its original meaning and clarity.",
    "Review the given sentence and correct any grammatical errors\u2014like punctuation, article usage, or sentence structure\u2014to produce a clear, natural, and grammatically accurate version that maintains the original meaning.",
    "Review the given text and fix any grammatical mistakes without changing its meaning or style. If the text is error-free, leave it as is."
]
2025-11-29 18:06 - INFO - permuted instructions pool: 
2025-11-29 18:06 - INFO - instruction 0: [
    "Edit the text to fix grammatical mistakes, including missing or wrong verbs and awkward wording, without altering the original meaning or clarity. Ensure the revised version remains clear and faithful to the source.",
    "Examine the provided sentence and fix any grammatical mistakes, such as punctuation, article use, and sentence structure, to create a clear, natural, and grammatically correct version without altering its original meaning.",
    "Examine the provided text and correct only the grammatical errors without altering its original meaning or style. If no corrections are necessary, keep the text unchanged."
]
2025-11-29 18:06 - INFO - instruction 1: [
    "Review the given text and make only the grammatical corrections needed, ensuring the original meaning and style remain unchanged. If the text is already grammatically correct, leave it as is.",
    "When correcting, use standard punctuation and sentence boundaries as in natural written English, including splitting run-on sentences appropriately and capitalizing proper nouns and sentence starts. Ensure idiomatic expressions and common phrases remain unchanged in wording and structure to preserve naturalness and clarity.",
    "Revise the text to correct grammatical errors, such as missing or incorrect verbs and awkward phrasing, while maintaining the original meaning and clarity.",
    "Review the given sentence and correct any grammatical errors, including issues with punctuation, article usage, and sentence structure, to produce a clear, natural, and grammatically accurate version without changing its original meaning."
]
2025-11-29 18:06 - INFO - instruction 2: [
    "Examine the provided sentence for grammatical mistakes, such as errors in word forms, syntax, punctuation, and agreement, and correct them without changing the original meaning.",
    "Detect and fix any grammatical mistakes in the provided sentences without changing their original meaning or punctuation. Maintain correct capitalization, suitable word choice (including prepositions), and proper sentence structure in your corrections.",
    "Revise the sentence to fix grammatical mistakes, including capitalization, punctuation, and subject-verb agreement, without changing its original meaning. Ensure the meaning remains intact while correcting these errors."
]
2025-11-29 18:06 - INFO - instruction 3: [
    "Edit the text to fix grammatical mistakes, including missing or incorrect verbs and awkward wording, without changing its original meaning or clarity.",
    "Examine the provided text and correct any grammatical errors without altering its original meaning or style. If there are no errors, keep the text unchanged.",
    "Examine the provided sentence and fix any grammatical mistakes\u2014such as punctuation, article use, and sentence construction\u2014to create a clear, natural, and grammatically correct version that preserves the original meaning."
]
2025-11-29 18:10 - INFO - 
iter_no = 03, valid_scores = [48.59, 47.92, 47.85, 47.58, 47.339999999999996, 46.150000000000006, 46.12, 46.11, 46.07, 46.03, 45.1, 44.87, 44.62, 44.32, 43.93, 42.699999999999996, 42.480000000000004, 42.24, 41.120000000000005]
2025-11-29 18:10 - INFO - --------------------------------------------------------------------------------
2025-11-29 18:10 - INFO - init_valid_score = 45.85
2025-11-29 18:10 - INFO - best_valid_score = 49.07 
2025-11-29 18:10 - INFO - --------------------------------------------------------------------------------
2025-11-29 18:10 - INFO - best_instructions = [
    "Examine the provided text and correct only the grammatical errors without altering its original meaning or style. If no corrections are necessary, keep the text unchanged.",
    "Examine the provided sentence and fix any grammatical mistakes, such as punctuation, article use, and sentence structure, to create a clear, natural, and grammatically correct version without altering its original meaning.",
    "Edit the text to fix grammatical mistakes, including missing or wrong verbs and awkward wording, without altering the original meaning or clarity. Ensure the revised version remains clear and faithful to the source."
]
2025-11-29 18:10 - INFO - --------------------------------------------------------------------------------
2025-11-29 18:10 - INFO - instructions pool after beam search, above average and generic algorithm: 
2025-11-29 18:10 - INFO - instruction 0: [
    "Examine the provided text and correct only the grammatical errors without altering its original meaning or style. If no corrections are necessary, keep the text unchanged.",
    "Examine the provided sentence and fix any grammatical mistakes, such as punctuation, article use, and sentence structure, to create a clear, natural, and grammatically correct version without altering its original meaning.",
    "Edit the text to fix grammatical mistakes, including missing or wrong verbs and awkward wording, without altering the original meaning or clarity. Ensure the revised version remains clear and faithful to the source."
]
2025-11-29 18:10 - INFO - instruction 1: [
    "Examine the provided text and correct only any grammatical errors, preserving the original meaning and style. If no errors are found, keep the text unchanged.",
    "Review the given sentence and correct any grammatical errors, including issues with punctuation, article usage, and sentence structure, to produce a clear, natural, and grammatically accurate version without changing its original meaning.",
    "Edit the text to fix grammatical mistakes, including missing or incorrect verbs and awkward phrasing, without altering the original meaning or clarity. Ensure the revised version preserves the intended message.",
    "When correcting, apply standard punctuation and sentence boundaries typical of natural written English, properly splitting run-on sentences and capitalizing proper nouns and sentence beginnings. Maintain idiomatic expressions and common phrases exactly as they are to preserve naturalness and clarity."
]
2025-11-29 18:10 - INFO - instruction 2: [
    "Examine the provided text and correct only the grammatical errors without altering its original meaning or style. If there are no grammatical issues, keep the text unchanged.",
    "Review the given sentence and correct any grammatical errors, including issues with punctuation, article usage, and sentence structure, to produce a clear, natural, and grammatically accurate version without changing its original meaning.",
    "Edit the text to fix grammatical mistakes, including missing or incorrect verbs and awkward wording, without altering its original meaning or clarity. Ensure the revised version remains clear and faithful to the source.",
    "When correcting, apply standard punctuation and sentence boundaries as found in natural written English, splitting run-on sentences as needed and capitalizing proper nouns and sentence beginnings. Keep idiomatic expressions and common phrases unchanged in wording and structure to maintain naturalness and clarity."
]
2025-11-29 18:10 - INFO - instruction 3: [
    "Review the given sentence for grammatical errors, including issues with word forms, syntax, punctuation, and agreement, and correct them while preserving the original meaning.",
    "Correct the sentence\u2019s grammar, including capitalization, punctuation, and subject-verb agreement, without altering its original meaning. Make sure the intended meaning stays the same while fixing these errors.",
    "Identify and correct any grammatical errors in the given sentences without altering their original meaning or punctuation. Ensure proper capitalization, appropriate word usage (including prepositions), and correct sentence structure in your revisions."
]
2025-11-30 20:59 - INFO - 
iter_no = 00, valid_scores = [44.0, 40.699999999999996, 36.42, 36.14]
2025-11-30 20:59 - INFO - --------------------------------------------------------------------------------
2025-11-30 20:59 - INFO - init_valid_score = 44.00
2025-11-30 20:59 - INFO - best_valid_score = 44.00 [ *** BEST *** ]
2025-11-30 20:59 - INFO - --------------------------------------------------------------------------------
2025-11-30 20:59 - INFO - best_instructions = [
    "Identify and correct any grammatical errors or usage issues in the sentence to improve its correctness and clarity, while preserving the original meaning and intent.",
    "Revise the given sentences to ensure correct grammar, punctuation, capitalization, and appropriate word choice, while preserving their original meaning and coherence.",
    "Identify and correct all grammatical errors in the given sentence while maintaining its original meaning, then provide the fully corrected sentence as the output."
]
2025-11-30 20:59 - INFO - --------------------------------------------------------------------------------
2025-11-30 21:00 - INFO - improved instructions pool: 
2025-11-30 21:00 - INFO - instruction 0: [
    "Identify and correct any grammatical errors or usage issues in the sentence to improve its correctness and clarity, while preserving the original meaning and intent.",
    "Match the phrasing, word choice, and punctuation of the original sentence as closely as possible while correcting errors, avoiding unnecessary changes in style or synonyms. When multiple corrections are possible, choose the wording that minimally alters the original sentence structure and vocabulary.",
    "Revise the given sentences to ensure correct grammar, punctuation, capitalization, and appropriate word choice, while preserving their original meaning and coherence.",
    "Identify and correct all grammatical errors in the given sentence while maintaining its original meaning, then provide the fully corrected sentence as the output."
]
2025-11-30 21:00 - INFO - rephrased instructions pool: 
2025-11-30 21:00 - INFO - instruction 0: [
    "Detect and fix any grammatical or usage mistakes in the sentence to enhance its accuracy and clarity without changing its original meaning or intent.",
    "Edit the provided sentences for proper grammar, punctuation, capitalization, and word choice, maintaining their original meaning and clarity.",
    "Locate and fix all grammatical mistakes in the provided sentence without changing its original meaning, then output the corrected sentence."
]
2025-11-30 21:00 - INFO - instruction 1: [
    "Find and fix all grammar, punctuation, and capitalization mistakes in the provided sentence without changing its original meaning or structure.",
    "Detect and correct grammar mistakes, punctuation, spacing, and typographical conventions\u2014like hyphenation and compound word usage\u2014to improve sentence clarity without changing the original meaning.",
    "Edit the sentence to fix grammatical mistakes and enhance fluency with suitable word choices, ensuring the original meaning remains unchanged."
]
2025-11-30 21:00 - INFO - instruction 2: [
    "Find and fix any grammatical or usage mistakes in the sentence to enhance its accuracy and clarity without changing its original meaning or purpose.",
    "Edit the provided sentences to correct grammar, punctuation, capitalization, and word choice without changing their original meaning or flow. Ensure the revisions maintain clarity and coherence.",
    "Detect and fix any grammatical mistakes in the provided sentence without changing its original meaning, then output the fully corrected sentence."
]
2025-11-30 21:00 - INFO - instruction 3: [
    "Find and fix all grammatical, punctuation, and capitalization mistakes in the sentence without changing its original meaning or structure.",
    "Detect and correct grammatical mistakes, punctuation, spacing, and typographical conventions\u2014like hyphenation and compound word usage\u2014to improve sentence clarity without changing the original meaning.",
    "Edit the sentence to fix grammatical mistakes and enhance fluency through suitable word choices, ensuring the original meaning remains intact."
]
2025-11-30 21:00 - INFO - permuted instructions pool: 
2025-11-30 21:00 - INFO - instruction 0: [
    "Revise the given sentences to ensure correct grammar, punctuation, capitalization, and appropriate word choice, while preserving their original meaning and coherence.",
    "Identify and correct any grammatical errors or usage issues in the sentence to improve its correctness and clarity, while preserving the original meaning and intent.",
    "Identify and correct all grammatical errors in the given sentence while maintaining its original meaning, then provide the fully corrected sentence as the output."
]
2025-11-30 21:00 - INFO - instruction 1: [
    "Identify and correct grammatical errors, fix punctuation and spacing issues, and adjust typographical conventions\u2014such as hyphenation and compound word formatting\u2014to enhance sentence clarity while preserving the original meaning.",
    "Identify and correct any grammatical, punctuation, and capitalization errors in the given sentence while preserving its original meaning and overall structure.",
    "Revise the sentence to correct any grammatical errors and improve fluency, including appropriate word choice, while preserving the original meaning."
]
2025-11-30 21:00 - INFO - 
iter_no = 01, valid_scores = [46.83, 46.19, 45.45, 44.96, 44.72, 44.47, 42.9, 42.39, 39.61]
2025-11-30 21:00 - INFO - --------------------------------------------------------------------------------
2025-11-30 21:00 - INFO - init_valid_score = 44.00
2025-11-30 21:00 - INFO - best_valid_score = 46.83 [ *** BEST *** ]
2025-11-30 21:00 - INFO - --------------------------------------------------------------------------------
2025-11-30 21:00 - INFO - best_instructions = [
    "Detect and fix any grammatical or usage mistakes in the sentence to enhance its accuracy and clarity without changing its original meaning or intent.",
    "Edit the provided sentences for proper grammar, punctuation, capitalization, and word choice, maintaining their original meaning and clarity.",
    "Locate and fix all grammatical mistakes in the provided sentence without changing its original meaning, then output the corrected sentence."
]
2025-11-30 21:00 - INFO - --------------------------------------------------------------------------------
2025-11-30 21:06 - INFO - 
iter_no = 00, valid_scores = [45.2, 41.78, 41.77, 41.339999999999996]
2025-11-30 21:06 - INFO - --------------------------------------------------------------------------------
2025-11-30 21:06 - INFO - init_valid_score = 45.20
2025-11-30 21:06 - INFO - best_valid_score = 45.20 [ *** BEST *** ]
2025-11-30 21:06 - INFO - --------------------------------------------------------------------------------
2025-11-30 21:06 - INFO - best_instructions = [
    "Review the provided sentence and correct any grammatical errors it contains. If no grammatical errors are present, return the sentence unchanged without making additional stylistic or punctuation changes.",
    "Identify and correct any grammatical errors in the given sentence, including issues with capitalization, punctuation, and word choice, while preserving the original meaning.",
    "Identify and correct all grammatical errors in the given sentence while preserving its original meaning. Output the fully corrected sentence."
]
2025-11-30 21:06 - INFO - --------------------------------------------------------------------------------
2025-11-30 21:07 - INFO - improved instructions pool: 
2025-11-30 21:07 - INFO - instruction 0: [
    "Retain all original phrasing and expressions exactly as in the input unless correcting clear grammatical mistakes, avoiding any rewording or changes in sentence structure. Preserve all punctuation and wording choices, including quotations, even if unconventional, to maintain the original style fully.",
    "Correct the grammatical errors in the given text while preserving its original meaning and style. Ensure proper capitalization at the beginning of sentences, correct punctuation, appropriate word choice, and necessary minor prepositional adjustments throughout the text.",
    "Revise the given text to improve its grammatical correctness, word choice, and overall clarity while maintaining the original meaning and tone.",
    "Revise the sentence to correct grammatical errors, including punctuation, word choice, article usage, and verb forms, while maintaining the original meaning and overall sentence structure."
]
2025-11-30 21:07 - INFO - rephrased instructions pool: 
2025-11-30 21:07 - INFO - instruction 0: [
    "Examine the given sentence and fix any grammatical mistakes found. If the sentence is free of errors, return it exactly as is without altering style or punctuation.",
    "Locate and fix any grammatical mistakes in the provided sentence, such as errors in capitalization, punctuation, and word choice, without altering its original meaning.",
    "Locate and fix any grammatical mistakes in the sentence without changing its original meaning. Provide the complete corrected sentence as your output."
]
2025-11-30 21:07 - INFO - instruction 1: [
    "Locate and fix mistakes in grammar, word choice, and phrasing to create a sentence that is clear, precise, and natural.",
    "Locate and fix any grammatical mistakes in the provided sentence to create a corrected version that is both accurate and flows smoothly.",
    "Examine the given sentence and correct any grammatical errors or unclear phrasing. If the sentence is already correct and clearly expressed, reproduce it exactly as written."
]
2025-11-30 21:07 - INFO - instruction 2: [
    "Edit the text to fix grammatical errors without changing its original meaning or style. Maintain correct capitalization, punctuation, word choice, and make minor prepositional adjustments as needed.",
    "Edit the provided text to enhance its grammar, vocabulary, and clarity without altering its original meaning or tone. Ensure the revision retains the author\u2019s intended message and style.",
    "Edit the sentence to fix any grammatical mistakes, such as punctuation, word choice, articles, and verb forms, without changing its original meaning or overall structure."
]
2025-11-30 21:07 - INFO - instruction 3: [
    "Examine the provided sentence and fix any grammatical mistakes; if there are none, leave the sentence as is.",
    "Edit the provided sentence to fix grammatical mistakes, refine word choice and style, and improve clarity and flow, ensuring the original meaning remains intact.",
    "Examine the provided text and correct any grammatical or punctuation errors; leave it unchanged if there are none."
]
2025-11-30 21:07 - INFO - instruction 4: [
    "Examine the given sentence and fix any grammatical mistakes found. If there are none, return the sentence as is without altering style or punctuation.",
    "Find and fix any grammatical mistakes in the provided sentence, such as errors in capitalization, punctuation, or word choice, without changing its original meaning.",
    "Find and fix any grammatical mistakes in the given sentence without changing its original meaning. Provide the complete corrected sentence as your output."
]
2025-11-30 21:07 - INFO - instruction 5: [
    "Find and fix mistakes in grammar, word choice, and phrasing to create a clear, accurate, and natural sentence.",
    "Find and fix any grammatical mistakes in the provided sentence to create a corrected version that is both accurate and easy to read.",
    "Examine the given sentence and correct any grammatical errors or awkward phrasing to ensure clarity. If the sentence is already correct and clearly expressed, reproduce it exactly as provided."
]
2025-11-30 21:07 - INFO - instruction 6: [
    "Please fix the grammatical mistakes in the provided text without altering its original meaning or style. Make sure to use proper capitalization, punctuation, suitable word choice, and adjust prepositions where needed.",
    "Edit the provided text to enhance its grammar, vocabulary, and clarity without changing the original meaning or tone. Ensure the revision maintains the author\u2019s intent throughout.",
    "Edit the sentence to fix grammatical mistakes such as punctuation, word choice, article use, and verb forms, ensuring the original meaning and sentence structure remain intact."
]
2025-11-30 21:07 - INFO - instruction 7: [
    "Examine the provided sentence and fix any grammatical mistakes; if there are none, leave the sentence as is.",
    "Edit the provided sentence to fix grammatical mistakes, enhance word choice and style, and improve clarity and flow, without changing its original meaning.",
    "Examine the provided text and correct any grammar or punctuation mistakes; if there are none, leave the text as is."
]
2025-11-30 21:07 - INFO - permuted instructions pool: 
2025-11-30 21:07 - INFO - instruction 0: [
    "Identify and correct all grammatical errors in the given sentence while preserving its original meaning. Output the fully corrected sentence.",
    "Identify and correct any grammatical errors in the given sentence, including issues with capitalization, punctuation, and word choice, while preserving the original meaning.",
    "Review the provided sentence and correct any grammatical errors it contains. If no grammatical errors are present, return the sentence unchanged without making additional stylistic or punctuation changes."
]
2025-11-30 21:07 - INFO - instruction 1: [
    "Identify and correct any grammatical errors in the given sentence to produce a revised version that is grammatically accurate and reads naturally.",
    "Review the provided sentence and make any necessary corrections to ensure it is grammatically correct and clearly expressed. If the sentence is already free of grammatical errors and conveys its meaning clearly without awkward phrasing, reproduce it exactly as given.",
    "Identify and correct errors in grammar, word usage, and phrasing to produce a clear, accurate, and natural-sounding sentence."
]
2025-11-30 21:07 - INFO - instruction 2: [
    "Correct the grammatical errors in the given text while preserving its original meaning and style. Ensure proper capitalization at the beginning of sentences, correct punctuation, appropriate word choice, and necessary minor prepositional adjustments throughout the text.",
    "Revise the sentence to correct grammatical errors, including punctuation, word choice, article usage, and verb forms, while maintaining the original meaning and overall sentence structure.",
    "Revise the given text to improve its grammatical correctness, word choice, and overall clarity while maintaining the original meaning and tone."
]
2025-11-30 21:07 - INFO - instruction 3: [
    "Revise the given sentence to correct any grammatical errors, improve word choice and style, and enhance clarity and natural flow, while preserving the original meaning.",
    "Review the given text and make corrections only if there are errors in grammar or punctuation; if the text is already correct, no changes are needed.",
    "Review the given sentence and correct any grammatical errors found; if the sentence is already grammatically correct, return it unchanged."
]
2025-11-30 21:09 - INFO - 
iter_no = 01, valid_scores = [45.79, 45.2, 45.15, 43.64, 42.730000000000004, 42.67, 41.78, 41.56, 41.56, 41.55, 41.55, 40.94, 40.0, 38.17, 36.52, 35.29, 34.839999999999996]
2025-11-30 21:09 - INFO - --------------------------------------------------------------------------------
2025-11-30 21:09 - INFO - init_valid_score = 45.20
2025-11-30 21:09 - INFO - best_valid_score = 45.79 [ *** BEST *** ]
2025-11-30 21:09 - INFO - --------------------------------------------------------------------------------
2025-11-30 21:09 - INFO - best_instructions = [
    "Retain all original phrasing and expressions exactly as in the input unless correcting clear grammatical mistakes, avoiding any rewording or changes in sentence structure. Preserve all punctuation and wording choices, including quotations, even if unconventional, to maintain the original style fully.",
    "Correct the grammatical errors in the given text while preserving its original meaning and style. Ensure proper capitalization at the beginning of sentences, correct punctuation, appropriate word choice, and necessary minor prepositional adjustments throughout the text.",
    "Revise the given text to improve its grammatical correctness, word choice, and overall clarity while maintaining the original meaning and tone.",
    "Revise the sentence to correct grammatical errors, including punctuation, word choice, article usage, and verb forms, while maintaining the original meaning and overall sentence structure."
]
2025-11-30 21:09 - INFO - --------------------------------------------------------------------------------
2025-11-30 21:10 - INFO - improved instructions pool: 
2025-11-30 21:10 - INFO - instruction 0: [
    "Retain all original phrasing and expressions exactly as in the input unless correcting clear grammatical mistakes, avoiding any rewording or changes in sentence structure. Preserve all punctuation and wording choices, including quotations, even if unconventional, to maintain the original style fully.",
    "Correct the grammatical errors in the given text while preserving its original meaning and style. Ensure proper capitalization at the beginning of sentences, correct punctuation, appropriate word choice, and necessary minor prepositional adjustments throughout the text.",
    "When correcting, prefer splitting complex sentences into shorter ones and use simpler connectors as appropriate to enhance clarity while preserving style. Also, replace vague expressions like \"inform you that\" with more precise phrases such as \"give you\" or \"tell you\" when contextually suitable.",
    "Revise the given text to improve its grammatical correctness, word choice, and overall clarity while maintaining the original meaning and tone.",
    "Revise the sentence to correct grammatical errors, including punctuation, word choice, article usage, and verb forms, while maintaining the original meaning and overall sentence structure."
]
2025-11-30 21:10 - INFO - instruction 1: [
    "Review the provided sentence and correct any grammatical errors it contains. If no grammatical errors are present, return the sentence unchanged without making additional stylistic or punctuation changes.",
    "When multiple correct corrections are possible, prioritize maintaining natural and precise phrasing that clearly expresses the intended meaning with minimal changes; use definite articles and appropriate prepositions where necessary to enhance clarity. Ensure that all nouns agree in number and meaning, and avoid substituting synonymous words unless required for grammatical correctness.",
    "Identify and correct any grammatical errors in the given sentence, including issues with capitalization, punctuation, and word choice, while preserving the original meaning.",
    "Identify and correct all grammatical errors in the given sentence while preserving its original meaning. Output the fully corrected sentence."
]
2025-11-30 21:10 - INFO - rephrased instructions pool: 
2025-11-30 21:10 - INFO - instruction 0: [
    "Keep all original wording and expressions intact, only fixing obvious grammatical errors without altering phrasing or sentence structure. Maintain all punctuation and choices of wording, including any unconventional quotations, to preserve the original style completely.",
    "Please correct any grammatical errors in the provided text, maintaining its original meaning and style. Ensure proper sentence capitalization, punctuation, word choice, and make minor prepositional adjustments as needed.",
    "Edit the provided text to enhance its grammar, vocabulary, and clarity without altering the original meaning or tone. Ensure the revisions maintain the author\u2019s intent and style.",
    "Revise the sentence to correct grammatical errors, including punctuation, word choice, article usage, and verb forms, while maintaining the original meaning and overall sentence structure."
]
2025-11-30 21:10 - INFO - instruction 1: [
    "Examine the given sentence and fix any grammatical mistakes found. If the sentence is grammatically correct, return it as is without altering style or punctuation.",
    "Detect and fix any grammatical mistakes in the provided sentence, addressing capitalization, punctuation, and word choice, without changing its original meaning.",
    "Find and fix any grammatical mistakes in the provided sentence without changing its original meaning. Provide the complete corrected sentence as your output."
]
2025-11-30 21:10 - INFO - instruction 2: [
    "Find and fix all grammatical mistakes in the provided sentence without changing its meaning. Provide the complete corrected sentence as your output.",
    "Find and fix any grammatical mistakes in the sentence, such as errors in capitalization, punctuation, or word choice, without changing its original meaning.",
    "Examine the given sentence and fix any grammatical mistakes you find. If the sentence is already grammatically correct, return it as is without altering style or punctuation."
]
2025-11-30 21:10 - INFO - instruction 3: [
    "Review the provided sentence for grammatical errors and correct them as needed. If no mistakes are present, return the sentence unchanged without modifying its style or punctuation.",
    "Identify and correct any grammatical errors in the given sentence, including issues with capitalization, punctuation, and word choice, while preserving its original meaning.",
    "Identify and correct any grammatical errors in the sentence without altering its original meaning. Output the fully corrected sentence."
]
2025-11-30 21:10 - INFO - instruction 4: [
    "Retain all original phrasing and expressions exactly as in the input unless correcting clear grammatical mistakes, avoiding any rewording or changes in sentence structure. Preserve all punctuation and wording choices, including quotations, even if unconventional, to maintain the original style fully.",
    "Edit the provided text to fix grammatical mistakes without changing its original meaning or style. Make sure to apply correct capitalization, punctuation, word choice, and any needed minor prepositional corrections throughout.",
    "Edit the provided text to enhance its grammar, vocabulary, and clarity, ensuring the original meaning and tone remain intact.",
    "Edit the sentence to fix grammatical mistakes such as punctuation, word choice, articles, and verb forms, without changing its meaning or general structure. Ensure the original intent and sentence framework remain intact."
]
2025-11-30 21:10 - INFO - instruction 5: [
    "Examine the given sentence and fix any grammatical mistakes you find. If the sentence is already correct, return it exactly as is without altering style or punctuation.",
    "Find and fix any grammatical mistakes in the provided sentence, such as errors in capitalization, punctuation, and word choice, without changing its original meaning.",
    "Find and fix every grammatical mistake in the provided sentence without changing its original meaning. Provide the complete corrected sentence as your response."
]
2025-11-30 21:10 - INFO - instruction 6: [
    "Find and fix any grammatical mistakes in the sentence without changing its original meaning. Provide the complete corrected sentence.",
    "Find and fix any grammatical mistakes in the provided sentence, addressing capitalization, punctuation, and word selection, without changing the original meaning.",
    "Examine the given sentence and fix any grammatical mistakes found. If the sentence is already grammatically correct, return it exactly as is without altering style or punctuation."
]
2025-11-30 21:10 - INFO - instruction 7: [
    "Review the provided sentence and correct any grammatical errors present. If there are no mistakes, return the sentence unchanged, preserving its original style and punctuation.",
    "Identify and correct any grammatical errors in the given sentence, including issues with capitalization, punctuation, and word choice, while preserving its original meaning.",
    "Identify and correct any grammatical errors in the sentence without altering its original meaning. Output the fully corrected sentence."
]
2025-11-30 21:10 - INFO - permuted instructions pool: 
2025-11-30 21:10 - INFO - instruction 0: [
    "Revise the sentence to correct grammatical errors, including punctuation, word choice, article usage, and verb forms, while maintaining the original meaning and overall sentence structure.",
    "Revise the given text to improve its grammatical correctness, word choice, and overall clarity while maintaining the original meaning and tone.",
    "Retain all original phrasing and expressions exactly as in the input unless correcting clear grammatical mistakes, avoiding any rewording or changes in sentence structure. Preserve all punctuation and wording choices, including quotations, even if unconventional, to maintain the original style fully.",
    "Correct the grammatical errors in the given text while preserving its original meaning and style. Ensure proper capitalization at the beginning of sentences, correct punctuation, appropriate word choice, and necessary minor prepositional adjustments throughout the text."
]
2025-11-30 21:10 - INFO - instruction 1: [
    "Identify and correct all grammatical errors in the given sentence while preserving its original meaning. Output the fully corrected sentence.",
    "Review the provided sentence and correct any grammatical errors it contains. If no grammatical errors are present, return the sentence unchanged without making additional stylistic or punctuation changes.",
    "Identify and correct any grammatical errors in the given sentence, including issues with capitalization, punctuation, and word choice, while preserving the original meaning."
]
2025-11-30 21:10 - INFO - instruction 2: [
    "Review the provided sentence and correct any grammatical errors it contains. If no grammatical errors are present, return the sentence unchanged without making additional stylistic or punctuation changes.",
    "Identify and correct any grammatical errors in the given sentence, including issues with capitalization, punctuation, and word choice, while preserving the original meaning.",
    "Identify and correct all grammatical errors in the given sentence while preserving its original meaning. Output the fully corrected sentence."
]
2025-11-30 21:10 - INFO - instruction 3: [
    "Examine the given sentence and fix any grammatical mistakes found. If the sentence is free of errors, return it exactly as is without altering style or punctuation.",
    "Locate and fix any grammatical mistakes in the sentence without changing its original meaning. Provide the complete corrected sentence as your output.",
    "Locate and fix any grammatical mistakes in the provided sentence, such as errors in capitalization, punctuation, and word choice, without altering its original meaning."
]
2025-11-30 21:23 - INFO - 
iter_no = 00, valid_scores = [44.57, 42.480000000000004, 41.78, 40.68]
2025-11-30 21:23 - INFO - --------------------------------------------------------------------------------
2025-11-30 21:23 - INFO - init_valid_score = 44.57
2025-11-30 21:23 - INFO - best_valid_score = 44.57 [ *** BEST *** ]
2025-11-30 21:23 - INFO - --------------------------------------------------------------------------------
2025-11-30 21:23 - INFO - best_instructions = [
    "Identify and correct grammatical errors, ensure appropriate use of modal verbs, and revise pronouns as needed to make the sentence clear, natural, and unambiguous without changing its original meaning.",
    "Review the provided sentence for any clear grammatical errors, such as incorrect verb tense, subject-verb agreement, punctuation, or word order, and correct them as needed. If the sentence is grammatically correct, reproduce it exactly as given. In cases of ambiguity or stylistic nuances, prioritize maintaining the original meaning and standard grammar conventions.",
    "Review the text to identify and correct grammatical errors\u2014including punctuation, capitalization (such as at the beginning of sentences), word choice, and preposition usage\u2014to produce a coherent, well-formed, and natural-sounding passage."
]
2025-11-30 21:23 - INFO - --------------------------------------------------------------------------------
2025-11-30 21:24 - INFO - improved instructions pool: 
2025-11-30 21:24 - INFO - instruction 0: [
    "Identify and correct grammatical errors, ensure appropriate use of modal verbs, and revise pronouns as needed to make the sentence clear, natural, and unambiguous without changing its original meaning.",
    "Review the provided sentence for any clear grammatical errors, such as incorrect verb tense, subject-verb agreement, punctuation, or word order, and correct them as needed. If the sentence is grammatically correct, reproduce it exactly as given. In cases of ambiguity or stylistic nuances, prioritize maintaining the original meaning and standard grammar conventions.",
    "When correcting sentences, ensure minimal and necessary changes to maintain the original wording and style as closely as possible, including punctuation and conjunction usage. Prefer natural, concise forms by omitting redundant words or articles unless they are essential for grammatical correctness or clarity.",
    "Review the text to identify and correct grammatical errors\u2014including punctuation, capitalization (such as at the beginning of sentences), word choice, and preposition usage\u2014to produce a coherent, well-formed, and natural-sounding passage."
]
2025-11-30 21:24 - INFO - instruction 1: [
    "Identify and correct grammatical errors in the given sentence, including issues with phrasing, punctuation, and the proper use and spacing of hyphens, to produce a clear and grammatically accurate version.",
    "Identify and correct any grammatical errors in the given sentence, returning the original sentence unchanged if no errors are present.",
    "Identify and correct any grammatical errors in the given sentence, including verb forms, possessive constructions, and punctuation, to produce a clear, properly structured, and natural-sounding sentence without altering its original meaning.",
    "When correcting, preserve the original meaning and wording as closely as possible, avoiding unnecessary rephrasing or word substitutions. Maintain original punctuation placement and sentence structure unless it causes a grammatical error that must be corrected."
]
2025-11-30 21:24 - INFO - instruction 2: [
    "Review the given sentence and make any necessary corrections to grammar and punctuation while preserving its original meaning; if the sentence is already correct, leave it unchanged.",
    "Revise the given sentence to correct grammatical errors\u2014including subject-verb agreement, article usage, punctuation, and verb phrase construction\u2014and enhance overall fluency and clarity, while preserving the original meaning.",
    "Align phrasing, word choice, and punctuation precisely with the given structure and style, avoiding unnecessary additions or rephrasings that alter the original form. Maintain exact sentence elements such as articles, conjunctions, and specific word orders to ensure minimal deviation from the source phrasing.",
    "Revise the given sentence to correct grammatical errors, standardize capitalization, appropriately use punctuation (including commas), and choose words for clarity and naturalness, ensuring consistency and proper formatting without altering the original meaning."
]
2025-11-30 21:24 - INFO - instruction 3: [
    "Ensure precise word choice by matching the most natural and contextually appropriate expressions, avoiding unnecessary additions or omissions. Maintain original sentence structures and punctuation closely unless correction is necessary for grammar or clarity, and avoid inserting or deleting words that alter style or subtle meaning.",
    "Identify and correct all grammatical errors in the given sentence, including verb form consistency, while maintaining its original meaning and producing a clear, grammatically correct sentence.",
    "Review the given sentence and correct any grammatical errors found, ensuring the original meaning is preserved; if no errors are present, return the sentence unchanged.",
    "Revise the given sentence to correct grammatical errors, improve punctuation and capitalization, enhance sentence structure for clarity, and appropriately introduce sentence boundaries by splitting run-on sentences or overly long sentences into separate, coherent sentences."
]
2025-11-30 21:24 - INFO - rephrased instructions pool: 
2025-11-30 21:24 - INFO - instruction 0: [
    "Detect and fix grammatical mistakes, verify correct use of modal verbs, and adjust pronouns as necessary to enhance clarity and naturalness while preserving the sentence\u2019s original meaning.",
    "Examine the given sentence for obvious grammatical mistakes, including verb tense, subject-verb agreement, punctuation, or word order, and make corrections if necessary. If the sentence is already correct, copy it exactly, ensuring any ambiguous or stylistic aspects preserve the original meaning and follow standard grammar rules.",
    "Examine the text to find and fix grammatical mistakes\u2014including punctuation, capitalization (like sentence beginnings), word choice, and preposition use\u2014to create a clear, polished, and natural-sounding passage."
]
2025-11-30 21:24 - INFO - instruction 1: [
    "Detect and fix grammatical mistakes in the provided sentence, addressing phrasing, punctuation, and correct hyphen usage and spacing, to create a clear and grammatically correct version.",
    "Locate and correct any grammatical mistakes in the provided sentence, and if none are found, return the sentence as is.",
    "Review the given sentence and fix any grammatical mistakes, such as verb usage, possessives, and punctuation, to create a clear, well-structured, and natural sentence that retains the original meaning."
]
2025-11-30 21:24 - INFO - instruction 2: [
    "Examine the provided sentence and correct any grammar or punctuation errors without altering its original meaning; if it is already correct, keep it as is.",
    "Edit the provided sentence to fix grammatical mistakes such as subject-verb agreement, article usage, punctuation, and verb phrases, and improve its fluency and clarity without changing the original meaning.",
    "Edit the provided sentence to fix grammatical mistakes, standardize capitalization, use punctuation correctly (including commas), and select words for clarity and a natural tone, maintaining consistency and proper formatting without changing the original meaning."
]
2025-11-30 21:24 - INFO - instruction 3: [
    "Find and fix all grammatical errors in the provided sentence, ensuring verb form consistency and preserving the original meaning while creating a clear, correct sentence.",
    "Examine the provided sentence and fix any grammatical mistakes without altering its original meaning; if there are no errors, leave the sentence as is.",
    "Edit the provided sentence to fix grammatical mistakes, improve punctuation and capitalization, clarify sentence structure, and separate run-on or excessively long sentences into clear, coherent units."
]
2025-11-30 21:24 - INFO - instruction 4: [
    "Detect and fix grammatical mistakes, use modal verbs correctly, and adjust pronouns when necessary to enhance clarity and naturalness without altering the original meaning.",
    "Examine the given sentence for obvious grammatical mistakes\u2014including verb tense, subject-verb agreement, punctuation, or word order\u2014and correct them if necessary. If the sentence is correct, reproduce it unchanged, ensuring that any ambiguous or stylistic elements preserve the original meaning and follow standard grammar rules.",
    "Examine the text carefully to find and fix grammatical mistakes\u2014including punctuation, capitalization, word choice, and preposition use\u2014to ensure the passage is clear, polished, and reads naturally."
]
2025-11-30 21:24 - INFO - instruction 5: [
    "Detect and fix any grammatical mistakes in the provided sentence, addressing phrasing, punctuation, and correct use and spacing of hyphens to create a clear and grammatically correct version.",
    "Find and fix any grammatical mistakes in the provided sentence, or return it as is if no errors are found.",
    "Locate and fix any grammatical mistakes in the sentence\u2014such as verb tense, possessives, and punctuation\u2014to create a clear, well-structured, and natural-sounding sentence without changing its original meaning."
]
2025-11-30 21:24 - INFO - instruction 6: [
    "Examine the provided sentence and correct any grammar or punctuation errors without altering its original meaning; if it is already correct, do not modify it.",
    "Edit the provided sentence to fix grammatical mistakes such as subject-verb agreement, article use, punctuation, and verb phrase structure, improving fluency and clarity without changing its original meaning.",
    "Edit the provided sentence to fix grammatical mistakes, standardize capitalization, and use punctuation correctly (including commas). Ensure word choice enhances clarity and naturalness, maintaining consistency and proper formatting without changing the original meaning."
]
2025-11-30 21:24 - INFO - instruction 7: [
    "Detect and fix all grammatical mistakes in the provided sentence, ensuring verb tense consistency, while preserving its original meaning and delivering a clear, correct version.",
    "Examine the provided sentence for grammatical mistakes and correct them while maintaining its original meaning; if there are no errors, leave the sentence as is.",
    "Edit the provided sentence to fix grammatical mistakes, improve punctuation and capitalization, and enhance clarity by restructuring it. Split any run-on or excessively long sentences into clear, separate sentences as needed."
]
2025-11-30 21:24 - INFO - permuted instructions pool: 
2025-11-30 21:24 - INFO - instruction 0: [
    "Review the text to identify and correct grammatical errors\u2014including punctuation, capitalization (such as at the beginning of sentences), word choice, and preposition usage\u2014to produce a coherent, well-formed, and natural-sounding passage.",
    "Identify and correct grammatical errors, ensure appropriate use of modal verbs, and revise pronouns as needed to make the sentence clear, natural, and unambiguous without changing its original meaning.",
    "Review the provided sentence for any clear grammatical errors, such as incorrect verb tense, subject-verb agreement, punctuation, or word order, and correct them as needed. If the sentence is grammatically correct, reproduce it exactly as given. In cases of ambiguity or stylistic nuances, prioritize maintaining the original meaning and standard grammar conventions."
]
2025-11-30 21:24 - INFO - instruction 1: [
    "Identify and correct any grammatical errors in the given sentence, including verb forms, possessive constructions, and punctuation, to produce a clear, properly structured, and natural-sounding sentence without altering its original meaning.",
    "Identify and correct grammatical errors in the given sentence, including issues with phrasing, punctuation, and the proper use and spacing of hyphens, to produce a clear and grammatically accurate version.",
    "Identify and correct any grammatical errors in the given sentence, returning the original sentence unchanged if no errors are present."
]
2025-11-30 21:24 - INFO - instruction 2: [
    "Review the given sentence and make any necessary corrections to grammar and punctuation while preserving its original meaning; if the sentence is already correct, leave it unchanged.",
    "Revise the given sentence to correct grammatical errors, standardize capitalization, appropriately use punctuation (including commas), and choose words for clarity and naturalness, ensuring consistency and proper formatting without altering the original meaning.",
    "Revise the given sentence to correct grammatical errors\u2014including subject-verb agreement, article usage, punctuation, and verb phrase construction\u2014and enhance overall fluency and clarity, while preserving the original meaning."
]
2025-11-30 21:24 - INFO - instruction 3: [
    "Revise the given sentence to correct grammatical errors, improve punctuation and capitalization, enhance sentence structure for clarity, and appropriately introduce sentence boundaries by splitting run-on sentences or overly long sentences into separate, coherent sentences.",
    "Identify and correct all grammatical errors in the given sentence, including verb form consistency, while maintaining its original meaning and producing a clear, grammatically correct sentence.",
    "Review the given sentence and correct any grammatical errors found, ensuring the original meaning is preserved; if no errors are present, return the sentence unchanged."
]
2025-11-30 21:27 - INFO - 
iter_no = 01, valid_scores = [48.36, 46.33, 46.25, 46.22, 45.519999999999996, 45.33, 44.93, 44.769999999999996, 44.519999999999996, 43.730000000000004, 42.96, 42.94, 42.68, 42.480000000000004, 42.0, 40.739999999999995, 40.21, 40.03, 39.82, 39.79]
2025-11-30 21:27 - INFO - --------------------------------------------------------------------------------
2025-11-30 21:27 - INFO - init_valid_score = 44.57
2025-11-30 21:27 - INFO - best_valid_score = 48.36 [ *** BEST *** ]
2025-11-30 21:27 - INFO - --------------------------------------------------------------------------------
2025-11-30 21:27 - INFO - best_instructions = [
    "Ensure precise word choice by matching the most natural and contextually appropriate expressions, avoiding unnecessary additions or omissions. Maintain original sentence structures and punctuation closely unless correction is necessary for grammar or clarity, and avoid inserting or deleting words that alter style or subtle meaning.",
    "Identify and correct all grammatical errors in the given sentence, including verb form consistency, while maintaining its original meaning and producing a clear, grammatically correct sentence.",
    "Review the given sentence and correct any grammatical errors found, ensuring the original meaning is preserved; if no errors are present, return the sentence unchanged.",
    "Revise the given sentence to correct grammatical errors, improve punctuation and capitalization, enhance sentence structure for clarity, and appropriately introduce sentence boundaries by splitting run-on sentences or overly long sentences into separate, coherent sentences."
]
2025-11-30 21:27 - INFO - --------------------------------------------------------------------------------
2025-11-30 21:28 - INFO - improved instructions pool: 
2025-11-30 21:28 - INFO - instruction 0: [
    "Prioritize the use of idiomatic and natural phrasing by selecting the most contextually appropriate synonyms and expressions, ensuring minimal deviation from original meaning or style. Apply corrections that enhance clarity and coherence by restructuring sentences when necessary, including splitting complex sentences and adjusting word order to reflect standard usage.",
    "Ensure precise word choice by matching the most natural and contextually appropriate expressions, avoiding unnecessary additions or omissions. Maintain original sentence structures and punctuation closely unless correction is necessary for grammar or clarity, and avoid inserting or deleting words that alter style or subtle meaning.",
    "Identify and correct all grammatical errors in the given sentence, including verb form consistency, while maintaining its original meaning and producing a clear, grammatically correct sentence.",
    "Review the given sentence and correct any grammatical errors found, ensuring the original meaning is preserved; if no errors are present, return the sentence unchanged.",
    "Revise the given sentence to correct grammatical errors, improve punctuation and capitalization, enhance sentence structure for clarity, and appropriately introduce sentence boundaries by splitting run-on sentences or overly long sentences into separate, coherent sentences."
]
2025-11-30 21:28 - INFO - instruction 1: [
    "Find and fix all grammatical errors in the provided sentence, ensuring verb form consistency and preserving the original meaning while creating a clear, correct sentence.",
    "Ensure that all corrections maintain the original sentence\u2019s precise wording and nuances without adding or removing words unnecessarily, especially in expressions of cost and existence. Match punctuation and article usage exactly as intended to retain the sentence's original meaning and style.",
    "Examine the provided sentence and fix any grammatical mistakes without altering its original meaning; if there are no errors, leave the sentence as is.",
    "Edit the provided sentence to fix grammatical mistakes, improve punctuation and capitalization, clarify sentence structure, and separate run-on or excessively long sentences into clear, coherent units."
]
2025-11-30 21:28 - INFO - instruction 2: [
    "Review the text to identify and correct grammatical errors\u2014including punctuation, capitalization (such as at the beginning of sentences), word choice, and preposition usage\u2014to produce a coherent, well-formed, and natural-sounding passage.",
    "Identify and correct grammatical errors, ensure appropriate use of modal verbs, and revise pronouns as needed to make the sentence clear, natural, and unambiguous without changing its original meaning.",
    "Ensure that the revised text preserves all original expressions and phrases as much as possible while correcting grammar, punctuation, and word choice to maintain the style and nuances of the input. When multiple correct alternatives exist, choose wording and structure closest to the original to minimize changes in wording and sentence elements.",
    "Review the provided sentence for any clear grammatical errors, such as incorrect verb tense, subject-verb agreement, punctuation, or word order, and correct them as needed. If the sentence is grammatically correct, reproduce it exactly as given. In cases of ambiguity or stylistic nuances, prioritize maintaining the original meaning and standard grammar conventions."
]
2025-11-30 21:28 - INFO - instruction 3: [
    "Detect and fix grammatical mistakes in the provided sentence, addressing phrasing, punctuation, and correct hyphen usage and spacing, to create a clear and grammatically correct version.",
    "When correcting sentences, preserve the original wording and structure as closely as possible while fixing only grammatical errors, punctuation, and spacing; avoid replacing words or phrases unless necessary for correctness. Ensure that corrections maintain the original meaning without introducing stylistic changes or synonyms.",
    "Locate and correct any grammatical mistakes in the provided sentence, and if none are found, return the sentence as is.",
    "Review the given sentence and fix any grammatical mistakes, such as verb usage, possessives, and punctuation, to create a clear, well-structured, and natural sentence that retains the original meaning."
]
2025-11-30 21:28 - INFO - rephrased instructions pool: 
2025-11-30 21:28 - INFO - instruction 0: [
    "Use the most natural and contextually fitting words without adding or omitting anything unnecessarily. Keep the original sentence structure and punctuation intact unless grammar or clarity requires correction, and avoid changing style or nuanced meaning by inserting or deleting words.",
    "Find and fix all grammatical mistakes in the sentence, ensuring verb forms are consistent, while preserving its original meaning and clarity.",
    "Review the given sentence and correct any grammatical errors found, ensuring the original meaning is preserved; if no errors are present, return the sentence unchanged.",
    "Edit the provided sentence to fix grammar, punctuation, and capitalization errors, improve clarity through better sentence structure, and separate run-on or overly long sentences into clear, coherent individual sentences."
]
2025-11-30 21:28 - INFO - instruction 1: [
    "Locate and fix any grammatical mistakes in the provided sentence, addressing phrasing, punctuation, and correct hyphen usage and spacing, to create a clear and grammatically correct version.",
    "Identify and correct any grammatical errors in the given sentence, returning the original sentence unchanged if no errors are present.",
    "Detect and fix any grammatical mistakes in the sentence\u2014such as verb forms, possessives, and punctuation\u2014to create a clear, well-structured, and natural-sounding version that preserves the original meaning.",
    "When making corrections, keep the original meaning and wording intact, avoiding needless rephrasing or word changes. Retain the original punctuation and sentence structure unless a grammatical error requires adjustment."
]
2025-11-30 21:28 - INFO - instruction 2: [
    "Identify and correct all grammatical errors in the given sentence, maintaining verb tense consistency and the original meaning to produce a clear and accurate sentence.",
    "Review the given sentence and correct any grammar errors without changing its original meaning. If the sentence is already correct, leave it unchanged.",
    "Revise the given sentence to correct grammar, enhance punctuation and capitalization, clarify its structure, and break up any run-on or overly long sentences into clear, coherent parts."
]
2025-11-30 21:28 - INFO - instruction 3: [
    "Examine the text carefully to find and fix grammatical errors, including punctuation, capitalization (like sentence beginnings), word choice, and preposition use, ensuring the passage is clear, polished, and natural. Make the corrections needed to produce a coherent and well-written text.",
    "Locate and fix any grammatical mistakes, verify correct use of modal verbs, and adjust pronouns to enhance clarity and naturalness without altering the sentence's original meaning.",
    "Examine the given sentence for obvious grammatical mistakes, including verb tense, subject-verb agreement, punctuation, or word order, and make corrections if necessary. If the sentence is error-free, reproduce it exactly, ensuring that any ambiguous or stylistic elements preserve the original meaning and adhere to standard grammar rules."
]
2025-11-30 21:28 - INFO - instruction 4: [
    "Detect and fix grammatical mistakes, use modal verbs appropriately, and adjust pronouns to enhance clarity and naturalness while preserving the original meaning.",
    "Review the provided sentence for any clear grammatical errors, such as incorrect verb tense, subject-verb agreement, punctuation, or word order, and correct them as needed. If the sentence is grammatically correct, reproduce it exactly as given. In cases of ambiguity or stylistic nuances, prioritize maintaining the original meaning and standard grammar conventions.",
    "When correcting sentences, make only essential changes to preserve the original wording and style, including punctuation and conjunctions. Aim for natural, concise expressions by removing redundant words or articles unless needed for grammar or clarity.",
    "Examine the text to find and fix grammatical mistakes\u2014including punctuation, capitalization (like sentence beginnings), word choice, and prepositions\u2014to create a clear, polished, and natural-sounding passage."
]
2025-11-30 21:28 - INFO - instruction 5: [
    "Identify and correct grammatical errors in the given sentence, including issues with phrasing, punctuation, hyphenation, and spacing, to produce a clear and grammatically accurate version.",
    "Identify and fix any grammatical errors in the given sentence; if there are none, return the sentence unchanged.",
    "Examine the provided sentence and correct any grammatical errors, including verb usage, possessives, and punctuation, to produce a clear, well-formed, and natural sentence that preserves the original meaning."
]
2025-11-30 21:28 - INFO - instruction 6: [
    "Use the most natural and contextually suitable words without adding or removing content unnecessarily. Preserve the original sentence structure and punctuation unless changes are needed for grammar or clarity, avoiding alterations that affect style or nuance.",
    "Find and fix all grammatical errors in the provided sentence, ensuring verb forms are consistent, while preserving the original meaning and producing a clear, correct sentence.",
    "Examine the provided sentence for grammatical mistakes and correct them while maintaining the original meaning; if it is error-free, return the sentence as is.",
    "Revise the given sentence to correct grammatical errors, improve punctuation and capitalization, enhance sentence structure for clarity, and appropriately introduce sentence boundaries by splitting run-on sentences or overly long sentences into separate, coherent sentences."
]
2025-11-30 21:28 - INFO - instruction 7: [
    "Identify and correct grammatical errors in the given sentence, including issues with phrasing, punctuation, and the proper use and spacing of hyphens, to produce a clear and grammatically accurate version.",
    "Review the provided sentence for grammatical mistakes and correct them if found; if there are no errors, return the sentence as is.",
    "Find and fix any grammatical mistakes in the sentence\u2014such as errors with verb forms, possessives, and punctuation\u2014to create a clear, well-structured, and natural sentence that preserves the original meaning.",
    "When making corrections, keep the original meaning and wording intact, refraining from unnecessary changes in phrasing or word choice. Only adjust punctuation or sentence structure if required to fix a grammatical mistake."
]
2025-11-30 21:28 - INFO - instruction 8: [
    "Identify and correct all grammatical mistakes in the given sentence, maintaining consistent verb forms and the original meaning to produce a clear, accurate sentence.",
    "Review the given sentence and correct any grammatical errors without changing its intended meaning; if it is error-free, keep it unchanged.",
    "Revise the given sentence to correct grammar, enhance punctuation and capitalization, clarify its structure, and break up any run-on or overly long sentences into clear, coherent parts."
]
2025-11-30 21:28 - INFO - instruction 9: [
    "Examine the text to find and fix grammatical mistakes\u2014including punctuation, capitalization (like at sentence starts), word choice, and preposition use\u2014to create a clear, well-structured, and natural-sounding passage.",
    "Spot and fix any grammatical mistakes, check the correct use of modal verbs, and adjust pronouns as necessary to improve clarity and naturalness without altering the original meaning.",
    "Examine the given sentence for obvious grammatical mistakes\u2014including verb tense, subject-verb agreement, punctuation, or word order\u2014and correct them if necessary. If the sentence is already correct, reproduce it exactly, ensuring that any ambiguous or stylistic elements preserve the original meaning and adhere to standard grammar rules."
]
2025-11-30 21:28 - INFO - instruction 10: [
    "Detect and fix grammatical mistakes, verify proper use of modal verbs, and adjust pronouns where necessary to enhance clarity, naturalness, and precision without altering the original meaning.",
    "Review the provided sentence for any clear grammatical errors, such as incorrect verb tense, subject-verb agreement, punctuation, or word order, and correct them as needed. If the sentence is grammatically correct, reproduce it exactly as given. In cases of ambiguity or stylistic nuances, prioritize maintaining the original meaning and standard grammar conventions.",
    "When correcting sentences, make only essential adjustments to preserve the original wording and style, including punctuation and conjunctions. Use natural, concise phrasing by removing unnecessary words or articles unless they are required for grammar or clarity.",
    "Examine the text to find and fix grammatical mistakes\u2014including punctuation, capitalization (like sentence beginnings), word choice, and preposition use\u2014ensuring the passage is clear, well-structured, and natural. Make the necessary corrections to create a polished and coherent final version."
]
2025-11-30 21:28 - INFO - instruction 11: [
    "Identify and correct any grammatical errors in the given sentence, including issues with phrasing, punctuation, hyphenation, and spacing, to produce a clear and properly written version.",
    "Identify and fix any grammatical errors in the given sentence; if there are none, return the sentence unchanged.",
    "Examine the provided sentence and correct any grammatical errors\u2014including verb usage, possessives, and punctuation\u2014to produce a clear, well-organized, and natural sentence that preserves the original meaning."
]
2025-11-30 21:28 - INFO - permuted instructions pool: 
2025-11-30 21:28 - INFO - instruction 0: [
    "Review the given sentence and correct any grammatical errors found, ensuring the original meaning is preserved; if no errors are present, return the sentence unchanged.",
    "Identify and correct all grammatical errors in the given sentence, including verb form consistency, while maintaining its original meaning and producing a clear, grammatically correct sentence.",
    "Revise the given sentence to correct grammatical errors, improve punctuation and capitalization, enhance sentence structure for clarity, and appropriately introduce sentence boundaries by splitting run-on sentences or overly long sentences into separate, coherent sentences.",
    "Ensure precise word choice by matching the most natural and contextually appropriate expressions, avoiding unnecessary additions or omissions. Maintain original sentence structures and punctuation closely unless correction is necessary for grammar or clarity, and avoid inserting or deleting words that alter style or subtle meaning."
]
2025-11-30 21:28 - INFO - instruction 1: [
    "Identify and correct any grammatical errors in the given sentence, including verb forms, possessive constructions, and punctuation, to produce a clear, properly structured, and natural-sounding sentence without altering its original meaning.",
    "When correcting, preserve the original meaning and wording as closely as possible, avoiding unnecessary rephrasing or word substitutions. Maintain original punctuation placement and sentence structure unless it causes a grammatical error that must be corrected.",
    "Identify and correct grammatical errors in the given sentence, including issues with phrasing, punctuation, and the proper use and spacing of hyphens, to produce a clear and grammatically accurate version.",
    "Identify and correct any grammatical errors in the given sentence, returning the original sentence unchanged if no errors are present."
]
2025-11-30 21:28 - INFO - instruction 2: [
    "Find and fix all grammatical errors in the provided sentence, ensuring verb form consistency and preserving the original meaning while creating a clear, correct sentence.",
    "Edit the provided sentence to fix grammatical mistakes, improve punctuation and capitalization, clarify sentence structure, and separate run-on or excessively long sentences into clear, coherent units.",
    "Examine the provided sentence and fix any grammatical mistakes without altering its original meaning; if there are no errors, leave the sentence as is."
]
2025-11-30 21:28 - INFO - instruction 3: [
    "Review the provided sentence for any clear grammatical errors, such as incorrect verb tense, subject-verb agreement, punctuation, or word order, and correct them as needed. If the sentence is grammatically correct, reproduce it exactly as given. In cases of ambiguity or stylistic nuances, prioritize maintaining the original meaning and standard grammar conventions.",
    "Review the text to identify and correct grammatical errors\u2014including punctuation, capitalization (such as at the beginning of sentences), word choice, and preposition usage\u2014to produce a coherent, well-formed, and natural-sounding passage.",
    "Identify and correct grammatical errors, ensure appropriate use of modal verbs, and revise pronouns as needed to make the sentence clear, natural, and unambiguous without changing its original meaning."
]
2025-11-30 21:28 - INFO - instruction 4: [
    "Review the provided sentence for any clear grammatical errors, such as incorrect verb tense, subject-verb agreement, punctuation, or word order, and correct them as needed. If the sentence is grammatically correct, reproduce it exactly as given. In cases of ambiguity or stylistic nuances, prioritize maintaining the original meaning and standard grammar conventions.",
    "Review the text to identify and correct grammatical errors\u2014including punctuation, capitalization (such as at the beginning of sentences), word choice, and preposition usage\u2014to produce a coherent, well-formed, and natural-sounding passage.",
    "When correcting sentences, ensure minimal and necessary changes to maintain the original wording and style as closely as possible, including punctuation and conjunction usage. Prefer natural, concise forms by omitting redundant words or articles unless they are essential for grammatical correctness or clarity.",
    "Identify and correct grammatical errors, ensure appropriate use of modal verbs, and revise pronouns as needed to make the sentence clear, natural, and unambiguous without changing its original meaning."
]
2025-11-30 21:28 - INFO - instruction 5: [
    "Detect and fix grammatical mistakes in the provided sentence, addressing phrasing, punctuation, and correct hyphen usage and spacing, to create a clear and grammatically correct version.",
    "Review the given sentence and fix any grammatical mistakes, such as verb usage, possessives, and punctuation, to create a clear, well-structured, and natural sentence that retains the original meaning.",
    "Locate and correct any grammatical mistakes in the provided sentence, and if none are found, return the sentence as is."
]
2025-11-30 21:40 - INFO - 
iter_no = 00, valid_scores = [43.13, 41.78, 41.78, 39.900000000000006]
2025-11-30 21:40 - INFO - --------------------------------------------------------------------------------
2025-11-30 21:40 - INFO - init_valid_score = 43.13
2025-11-30 21:40 - INFO - best_valid_score = 43.13 [ *** BEST *** ]
2025-11-30 21:40 - INFO - --------------------------------------------------------------------------------
2025-11-30 21:40 - INFO - best_instructions = [
    "Correct the given sentence for grammatical errors and improve its clarity while maintaining its original meaning and sentence type.",
    "Identify and correct any grammatical errors, including capitalization, punctuation, spelling, and syntax, in the given sentence while preserving its original meaning and sentence structure.",
    "Identify and correct all grammatical and capitalization errors in the given sentence without changing its original meaning or style."
]
2025-11-30 21:40 - INFO - --------------------------------------------------------------------------------
2025-11-30 21:41 - INFO - improved instructions pool: 
2025-11-30 21:41 - INFO - instruction 0: [
    "Correct the given sentence for grammatical errors and improve its clarity while maintaining its original meaning and sentence type.",
    "Identify and correct any grammatical errors, including capitalization, punctuation, spelling, and syntax, in the given sentence while preserving its original meaning and sentence structure.",
    "Identify and correct all grammatical and capitalization errors in the given sentence without changing its original meaning or style.",
    "Ensure corrected sentences use natural and idiomatic expressions consistent with standard usage, avoiding unnecessary changes in meaning or added words. Prioritize preserving original phrasing and commonly accepted collocations to maintain alignment with expected stylistic choices."
]
2025-11-30 21:41 - INFO - instruction 1: [
    "Ensure the corrections strictly follow the original wording and phrasing choices, including exact vocabulary and sentence boundaries, to maintain precise fidelity to the input's style and meaning. Pay special attention to preserving conjunctions, articles, and expression nuances exactly as in the source sentence.",
    "Please identify and correct any grammatical errors in the given sentence, ensuring the original meaning and structure are preserved. Pay particular attention to proper use of comparative forms and correct hyphenation where applicable.",
    "Identify and correct all grammatical errors in the provided text while preserving its original meaning. Adjust punctuation and capitalization as needed to ensure the text is grammatically correct and properly formatted, including any necessary sentence boundary changes.",
    "Revise the given sentence to improve its grammatical accuracy, clarity, and natural flow, including consistent tense usage and appropriate formality, while preserving the original meaning."
]
2025-11-30 21:41 - INFO - instruction 2: [
    "Ensure that corrections use the simplest and most standard grammatical forms, avoiding unnecessary rephrasing or extra words. Prioritize maintaining the natural and commonly accepted expressions to closely match expected phrasing and word choice.",
    "Identify and correct any grammatical errors in the sentence to produce a clear, accurate, and properly punctuated version without altering its original meaning.",
    "Edit the sentence to fix grammatical errors and improve clarity while preserving its original meaning. Pay attention to proper use of articles, punctuation, and sentence structure according to standard grammar rules.",
    "Revise the sentence to correct grammatical errors, enhance clarity and naturalness, and improve overall readability while preserving the original meaning."
]
2025-11-30 21:41 - INFO - rephrased instructions pool: 
2025-11-30 21:41 - INFO - instruction 0: [
    "Edit the provided sentence to fix any grammatical mistakes and enhance clarity without changing its original meaning or sentence structure.",
    "Locate and fix any grammatical mistakes\u2014such as those in capitalization, punctuation, spelling, and syntax\u2014in the provided sentence without altering its original meaning or structure.",
    "Detect and fix any grammatical and capitalization mistakes in the sentence provided, ensuring the original meaning and style remain intact."
]
2025-11-30 21:41 - INFO - instruction 1: [
    "Please find and correct any grammatical mistakes in the given sentence, maintaining its original meaning and structure. Focus especially on correct use of comparatives and proper hyphenation where needed.",
    "Locate and fix all grammatical mistakes in the given text without altering its original meaning. Modify punctuation, capitalization, and sentence boundaries as required to ensure correct grammar and proper formatting.",
    "Edit the provided sentence to enhance its grammar, clarity, and natural flow, ensuring consistent tense and suitable formality without changing its original meaning."
]
2025-11-30 21:41 - INFO - instruction 2: [
    "Detect and fix any grammatical mistakes in the provided sentence while preserving its original meaning. If there are no errors, return the sentence as is.",
    "Examine the provided sentence for grammatical mistakes and improper word forms, such as incorrect use of adjectives and adverbs, then revise it to create a clear, grammatically correct, and naturally worded sentence in standard English.",
    "Locate and fix grammatical mistakes, modify word forms, and enhance word choices in the provided sentence to create a clear, precise, and naturally flowing version."
]
2025-11-30 21:41 - INFO - instruction 3: [
    "Find and fix any grammatical mistakes in the sentence to create a clear, accurate, and correctly punctuated version that preserves the original meaning.",
    "Revise the sentence to correct grammatical mistakes and enhance clarity without changing its original meaning. Ensure proper use of articles, punctuation, and sentence structure following standard grammar rules.",
    "Edit the sentence to fix grammatical mistakes, improve clarity and flow, and ensure it reads naturally without changing its original meaning."
]
2025-11-30 21:41 - INFO - instruction 4: [
    "Edit the provided sentence to fix grammatical mistakes and enhance clarity without changing its original meaning or sentence structure.",
    "Locate and fix any grammatical mistakes\u2014such as capitalization, punctuation, spelling, and syntax\u2014in the provided sentence without changing its original meaning or structure.",
    "Find and fix any grammatical and capitalization mistakes in the sentence while preserving its original meaning and style."
]
2025-11-30 21:41 - INFO - instruction 5: [
    "Please find and fix any grammatical mistakes in the sentence provided, keeping its original meaning and structure intact. Focus especially on the correct use of comparative forms and appropriate hyphenation.",
    "Locate and fix all grammar mistakes in the given text without altering its original meaning. Modify punctuation, capitalization, and sentence boundaries as required to ensure proper grammar and formatting.",
    "Edit the provided sentence to enhance its grammar, clarity, and natural flow, ensuring consistent tense and suitable formality without changing its original meaning."
]
2025-11-30 21:41 - INFO - instruction 6: [
    "Detect and fix any grammatical mistakes in the provided sentence without altering its original meaning. If there are no errors, return the sentence as is.",
    "Examine the provided sentence for grammatical and usage mistakes, including improper word forms like incorrect adjective or adverb use, and revise it to create a clear, grammatically correct, and naturally worded sentence in standard English.",
    "Locate and fix grammatical mistakes, modify word forms, and improve word choices in the sentence to create a clear, precise, and naturally flowing version."
]
2025-11-30 21:41 - INFO - instruction 7: [
    "Locate and fix any grammatical mistakes in the sentence to create a clear, accurate, and correctly punctuated version without changing its original meaning.",
    "Revise the sentence to correct grammatical mistakes and enhance clarity without changing its original meaning. Ensure proper use of articles, punctuation, and sentence structure following standard grammar conventions.",
    "Edit the sentence to fix grammatical mistakes, improve clarity and flow, and boost readability without changing its original meaning."
]
2025-11-30 21:41 - INFO - permuted instructions pool: 
2025-11-30 21:41 - INFO - instruction 0: [
    "Identify and correct all grammatical and capitalization errors in the given sentence without changing its original meaning or style.",
    "Correct the given sentence for grammatical errors and improve its clarity while maintaining its original meaning and sentence type.",
    "Identify and correct any grammatical errors, including capitalization, punctuation, spelling, and syntax, in the given sentence while preserving its original meaning and sentence structure."
]
2025-11-30 21:41 - INFO - instruction 1: [
    "Identify and correct all grammatical errors in the provided text while preserving its original meaning. Adjust punctuation and capitalization as needed to ensure the text is grammatically correct and properly formatted, including any necessary sentence boundary changes.",
    "Revise the given sentence to improve its grammatical accuracy, clarity, and natural flow, including consistent tense usage and appropriate formality, while preserving the original meaning.",
    "Please identify and correct any grammatical errors in the given sentence, ensuring the original meaning and structure are preserved. Pay particular attention to proper use of comparative forms and correct hyphenation where applicable."
]
2025-11-30 21:41 - INFO - instruction 2: [
    "Review the given sentence for grammatical and usage errors, including incorrect word forms such as adjective and adverb misapplications, and revise it to produce a clear, grammatically correct, and naturally phrased sentence in standard English.",
    "Identify and correct any grammatical errors in the given sentence without changing its original meaning. If the sentence contains no grammatical errors, return it unchanged.",
    "Identify and correct grammatical errors, adjust word forms, and refine word choices in the given sentence to produce a fluent, accurate, and naturally expressed version."
]
2025-11-30 21:41 - INFO - instruction 3: [
    "Edit the sentence to fix grammatical errors and improve clarity while preserving its original meaning. Pay attention to proper use of articles, punctuation, and sentence structure according to standard grammar rules.",
    "Identify and correct any grammatical errors in the sentence to produce a clear, accurate, and properly punctuated version without altering its original meaning.",
    "Revise the sentence to correct grammatical errors, enhance clarity and naturalness, and improve overall readability while preserving the original meaning."
]
2025-11-30 21:44 - INFO - 
iter_no = 01, valid_scores = [48.8, 45.85, 45.67, 44.95, 44.17, 43.2, 42.96, 42.26, 42.21, 41.78, 41.78, 41.3, 40.47, 40.28, 40.26, 40.08, 38.269999999999996, 37.47, 37.35]
2025-11-30 21:44 - INFO - --------------------------------------------------------------------------------
2025-11-30 21:44 - INFO - init_valid_score = 43.13
2025-11-30 21:44 - INFO - best_valid_score = 48.80 [ *** BEST *** ]
2025-11-30 21:44 - INFO - --------------------------------------------------------------------------------
2025-11-30 21:44 - INFO - best_instructions = [
    "Ensure that corrections use the simplest and most standard grammatical forms, avoiding unnecessary rephrasing or extra words. Prioritize maintaining the natural and commonly accepted expressions to closely match expected phrasing and word choice.",
    "Identify and correct any grammatical errors in the sentence to produce a clear, accurate, and properly punctuated version without altering its original meaning.",
    "Edit the sentence to fix grammatical errors and improve clarity while preserving its original meaning. Pay attention to proper use of articles, punctuation, and sentence structure according to standard grammar rules.",
    "Revise the sentence to correct grammatical errors, enhance clarity and naturalness, and improve overall readability while preserving the original meaning."
]
2025-11-30 21:44 - INFO - --------------------------------------------------------------------------------
