2025-11-29 00:19 - INFO - 
iter_no = 00, valid_scores = [49.94005247727017, 49.627349419640105, 49.07626195368724, 48.617669926465]
2025-11-29 00:19 - INFO - --------------------------------------------------------------------------------
2025-11-29 00:19 - INFO - init_valid_score = 49.94
2025-11-29 00:19 - INFO - best_valid_score = 49.94 [ *** BEST *** ]
2025-11-29 00:19 - INFO - --------------------------------------------------------------------------------
2025-11-29 00:19 - INFO - best_instructions = [
    "Rewrite the provided text to improve clarity and accessibility by using plain language, simpler vocabulary, and straightforward sentence structures. Maintain the original meaning and important nuances, preserving key terms and qualifiers. You may break down complex sentences into shorter ones or combine brief sentences for better flow, aiming for clear and concise communication without adding or omitting information.",
    "Rewrite the sentence to convey the same meaning more clearly and simply, ensuring correct grammar and punctuation. This may involve splitting the sentence or restructuring it, but all original information must be accurately preserved without adding or omitting content.",
    "Rewrite the given sentence using clear and simple vocabulary and sentence structure while accurately preserving all original factual information, key details, and the intended meaning."
]
2025-11-29 00:19 - INFO - --------------------------------------------------------------------------------
2025-11-29 00:27 - INFO - 
iter_no = 00, valid_scores = [50.03175552680042, 49.98976706798201, 49.607240542443, 49.54496973618891]
2025-11-29 00:27 - INFO - --------------------------------------------------------------------------------
2025-11-29 00:27 - INFO - init_valid_score = 50.03
2025-11-29 00:27 - INFO - best_valid_score = 50.03 [ *** BEST *** ]
2025-11-29 00:27 - INFO - --------------------------------------------------------------------------------
2025-11-29 00:27 - INFO - best_instructions = [
    "Rewrite the given sentence using simpler vocabulary and sentence structures to improve clarity while accurately preserving the original meaning, including all factual content, proper names, and specific entities, without altering or introducing new information.",
    "Rewrite the provided sentence by breaking it into two or more simpler sentences that together preserve the original meaning. Ensure that the temporal, causal, and logical relationships between ideas are clearly maintained, and use clear and concise language to improve readability without adding or altering the intended information.",
    "Rewrite the given complex sentence into a clearer and more concise form that maintains the original meaning, allowing for the generalization or omission of specific details and numeric data when necessary to improve readability."
]
2025-11-29 00:27 - INFO - --------------------------------------------------------------------------------
2025-11-29 00:38 - INFO - 
iter_no = 00, valid_scores = [50.723470071823954, 50.019803345875964, 49.12977910782717, 48.800677234193394]
2025-11-29 00:38 - INFO - --------------------------------------------------------------------------------
2025-11-29 00:38 - INFO - init_valid_score = 50.72
2025-11-29 00:38 - INFO - best_valid_score = 50.72 [ *** BEST *** ]
2025-11-29 00:38 - INFO - --------------------------------------------------------------------------------
2025-11-29 00:38 - INFO - best_instructions = [
    "Rewrite the given complex sentence into two or more simpler sentences that together preserve the original meaning. Ensure each resulting sentence conveys a complete and coherent idea using clear and grammatically correct language. Maintain the original tense, aspect, and subject continuity as much as possible to preserve semantic equivalence. Aim for simplicity by using straightforward sentence structures without overly fragmenting the information.",
    "Rewrite the sentence to convey the essential information clearly and concisely by using simpler vocabulary and shorter phrasing, while removing unnecessary descriptive details that do not change the core meaning.",
    "Rewrite the given complex sentence into one or more simpler sentences that preserve the original meaning. Use clear and accessible language by breaking long or complex sentences into shorter ones, and clarify or explain any technical terms, unusual proper nouns, or detailed descriptions as needed to enhance understanding without changing the intended content."
]
2025-11-29 00:38 - INFO - --------------------------------------------------------------------------------
2025-11-29 00:38 - INFO - instructions pool after beam search, above average and generic algorithm: 
2025-11-29 00:38 - INFO - instruction 0: [
    "Rewrite the given complex sentence into two or more simpler sentences that together preserve the original meaning. Ensure each resulting sentence conveys a complete and coherent idea using clear and grammatically correct language. Maintain the original tense, aspect, and subject continuity as much as possible to preserve semantic equivalence. Aim for simplicity by using straightforward sentence structures without overly fragmenting the information.",
    "Rewrite the sentence to convey the essential information clearly and concisely by using simpler vocabulary and shorter phrasing, while removing unnecessary descriptive details that do not change the core meaning.",
    "Rewrite the given complex sentence into one or more simpler sentences that preserve the original meaning. Use clear and accessible language by breaking long or complex sentences into shorter ones, and clarify or explain any technical terms, unusual proper nouns, or detailed descriptions as needed to enhance understanding without changing the intended content."
]
2025-11-29 00:38 - INFO - instruction 1: [
    "Rewrite the given sentence to improve clarity by using simpler and more precise language, while preserving the original meaning and important details. Ensure that any specialized terms or complex concepts are explained in an accurate, accessible manner without altering the intended message.",
    "Rewrite the given sentence to improve clarity and readability by converting passive or complex constructions into active and straightforward ones, restructuring elements as needed to ensure natural flow and logical order, while preserving the original meaning and all relevant information.",
    "Rewrite the input sentence by breaking down complex structures into multiple shorter sentences or simpler clauses, ensuring that each resulting sentence is clear, concise, and retains the complete original meaning without adding or omitting information."
]
2025-11-29 00:38 - INFO - instruction 2: [
    "Rewrite the sentence to improve clarity and readability by simplifying vocabulary and sentence structure, and by reorganizing or consolidating phrases as needed, while preserving the original meaning and emphasis.",
    "Rewrite the given complex sentence to improve clarity and ease of understanding by simplifying its structure and language, which may include splitting it into multiple sentences or rephrasing while ensuring the original meaning and factual information are fully preserved.",
    "Rewrite the given sentence to express the same meaning using clear, straightforward language. Ensure the sentence remains accurate and easy to understand by appropriately adjusting vocabulary, sentence structure, and voice without altering the original information."
]
2025-11-29 00:38 - INFO - instruction 3: [
    "Rewrite the given complex sentence into a simpler form by using clear and straightforward language while preserving the original meaning, including any technical or domain-specific terms unless a non-technical equivalent can be used without altering the intended sense or relationships expressed.",
    "Rewrite the given sentence using simpler and more common vocabulary and sentence structures while preserving the original meaning. When encountering technical terms, specialized jargon, or abstract concepts, simplify them only as much as necessary to maintain clarity without losing important nuances. Retain any analogies or examples by expressing them in clearer, more accessible language without omitting key details. Ensure the resulting sentence remains coherent and logically consistent throughout.",
    "Rewrite the given complex sentence into one or more simpler sentences that maintain the original meaning. Use clear, straightforward language by breaking down complicated structures, explaining or paraphrasing technical terms as needed, and optionally condensing or omitting non-essential elaborations such as parenthetical phrases or examples to improve readability without altering the core information."
]
2025-11-29 00:45 - INFO - improved instructions pool: 
2025-11-29 00:45 - INFO - instruction 0: [
    "Rewrite the given complex sentence into two or more simpler sentences that together preserve the original meaning. Ensure each resulting sentence conveys a complete and coherent idea using clear and grammatically correct language. Maintain the original tense, aspect, and subject continuity as much as possible to preserve semantic equivalence. Aim for simplicity by using straightforward sentence structures without overly fragmenting the information.",
    "Rewrite the sentence to convey the essential information clearly and concisely by using simpler vocabulary and shorter phrasing, while removing unnecessary descriptive details that do not change the core meaning.",
    "Rewrite the given complex sentence into one or more simpler sentences that preserve the original meaning. Use clear and accessible language by breaking long or complex sentences into shorter ones, and clarify or explain any technical terms, unusual proper nouns, or detailed descriptions as needed to enhance understanding without changing the intended content.",
    "When simplifying, retain original phrasing whenever possible, especially key terms and expressions, and avoid adding extra explanations or splitting sentences beyond the original structure. Use concise language that closely matches the source wording while preserving meaning and clarity."
]
2025-11-29 00:45 - INFO - instruction 1: [
    "Rewrite the given sentence to improve clarity by using simpler and more precise language, while preserving the original meaning and important details. Ensure that any specialized terms or complex concepts are explained in an accurate, accessible manner without altering the intended message.",
    "Rewrite the given sentence to improve clarity and readability by converting passive or complex constructions into active and straightforward ones, restructuring elements as needed to ensure natural flow and logical order, while preserving the original meaning and all relevant information.",
    "Match the tone, style, and specific word choices of the original sentence as closely as possible by using natural, conversational expressions and common synonyms. Focus on replicating sentence structures and phrasing that maintain a straightforward, narrative flow without introducing formal or overly technical terms.",
    "Rewrite the input sentence by breaking down complex structures into multiple shorter sentences or simpler clauses, ensuring that each resulting sentence is clear, concise, and retains the complete original meaning without adding or omitting information."
]
2025-11-29 00:45 - INFO - rephrased instructions pool: 
2025-11-29 00:45 - INFO - instruction 0: [
    "Transform the provided complex sentence into two or more clear and grammatically correct simpler sentences that together retain the original meaning. Keep the original tense, aspect, and subject continuity, using straightforward structures to ensure each sentence expresses a complete thought without excessive fragmentation.",
    "Rewrite the sentence using simpler words and shorter phrases to clearly and concisely convey the main idea, removing any extra details that don\u2019t affect its meaning.",
    "Rewrite the complex sentence into one or more simpler sentences that maintain its original meaning. Use clear, accessible language by splitting lengthy or complicated sentences and explaining any technical terms, unusual names, or detailed descriptions to improve understanding without altering the content."
]
2025-11-29 00:45 - INFO - instruction 1: [
    "Rewrite the sentence to enhance clarity using clear and precise language, maintaining the original meaning and key details. Explain any technical terms or complex ideas accurately and in a way that is easy to understand, without changing the intended message.",
    "Rewrite the given sentence to enhance clarity and readability by changing passive or complex structures into active, straightforward ones and reorganizing elements for a natural flow and logical order, while keeping the original meaning and all important details intact.",
    "Transform the input sentence by splitting complex structures into several shorter, simpler sentences or clauses. Make sure each sentence is clear, concise, and fully preserves the original meaning without adding or removing any information."
]
2025-11-29 00:45 - INFO - instruction 2: [
    "Rewrite the sentence to enhance clarity and readability by using simpler vocabulary and sentence structures, and by reorganizing or combining phrases as necessary, while maintaining the original meaning and emphasis.",
    "Rewrite the complex sentence to make it clearer and easier to understand by simplifying its language and structure, which may involve splitting it into multiple sentences or rephrasing. Ensure the original meaning and facts remain completely intact.",
    "Rewrite the sentence to convey the same meaning using clear and simple language. Adjust the vocabulary, structure, and voice as needed to keep the information accurate and easy to understand."
]
2025-11-29 00:45 - INFO - instruction 3: [
    "Rewrite the complex sentence using clear and simple language, keeping the original meaning intact and retaining any technical terms unless a non-technical alternative can be used without changing the intended message.",
    "Rewrite the sentence using simpler, more common words and sentence structures while keeping its original meaning. Simplify technical or abstract terms just enough for clarity without losing important details, and express any analogies or examples in clearer language without omitting key points, ensuring the sentence stays coherent and logically consistent.",
    "Rewrite the complex sentence into one or more simpler sentences that preserve the original meaning. Use clear language by breaking down difficult structures, clarifying technical terms, and optionally removing non-essential details like parenthetical phrases or examples to enhance readability."
]
2025-11-29 00:45 - INFO - instruction 4: [
    "Convert the provided complex sentence into two or more clear and grammatically correct sentences that together retain the original meaning. Keep the original tense, aspect, and subject consistent while using simple and coherent sentence structures.",
    "Rewrite the sentence to express the main idea clearly and briefly using simpler words and shorter phrases, eliminating any unnecessary details that don't affect the meaning.",
    "Transform the provided complex sentence into one or more simpler sentences that retain the original meaning. Use clear, accessible language by splitting lengthy or complicated sentences and explaining any technical terms, uncommon proper nouns, or detailed descriptions to improve comprehension without altering the intended message."
]
2025-11-29 00:45 - INFO - instruction 5: [
    "Rewrite the sentence to enhance clarity by using clear and precise language, maintaining the original meaning and key details. Explain any technical terms or complex ideas accurately and accessibly without changing the intended message.",
    "Rewrite the given sentence to enhance clarity and readability by transforming passive or complex structures into active, simple forms, rearranging elements as necessary for a natural flow and logical sequence, without changing the original meaning or important details.",
    "Rewrite the input sentence by dividing complex structures into several shorter, simpler sentences or clauses. Ensure each sentence is clear, concise, and fully preserves the original meaning without adding or removing any information."
]
2025-11-29 00:45 - INFO - instruction 6: [
    "Rewrite the sentence to enhance clarity and readability by using simpler vocabulary and sentence structure, and by reorganizing or combining phrases as necessary, without changing the original meaning or emphasis.",
    "Rewrite the complex sentence to enhance clarity and readability by simplifying its structure and language, which may involve breaking it into multiple sentences or rephrasing it without changing its original meaning or facts. Ensure the revised version fully preserves the original information.",
    "Rewrite the sentence to convey the same meaning clearly and simply, using appropriate vocabulary, sentence structure, and voice. Maintain accuracy and ensure the information stays unchanged."
]
2025-11-29 00:45 - INFO - instruction 7: [
    "Rewrite the complex sentence in clear, straightforward language without changing its original meaning, keeping technical terms unless a simple equivalent preserves the intended sense.",
    "Rewrite the sentence using simpler, more familiar words and sentence structures without changing its meaning. Simplify technical terms or abstract ideas only enough to keep clarity, and restate any analogies or examples in clearer language while preserving all important details and overall coherence.",
    "Rewrite the complex sentence into one or more simpler sentences that preserve its original meaning, using clear and straightforward language. Break down complicated structures, clarify or rephrase technical terms as needed, and optionally simplify or remove non-essential details like parenthetical phrases or examples to enhance readability."
]
2025-11-29 00:45 - INFO - permuted instructions pool: 
2025-11-29 00:45 - INFO - instruction 0: [
    "Rewrite the sentence to convey the essential information clearly and concisely by using simpler vocabulary and shorter phrasing, while removing unnecessary descriptive details that do not change the core meaning.",
    "Rewrite the given complex sentence into one or more simpler sentences that preserve the original meaning. Use clear and accessible language by breaking long or complex sentences into shorter ones, and clarify or explain any technical terms, unusual proper nouns, or detailed descriptions as needed to enhance understanding without changing the intended content.",
    "Rewrite the given complex sentence into two or more simpler sentences that together preserve the original meaning. Ensure each resulting sentence conveys a complete and coherent idea using clear and grammatically correct language. Maintain the original tense, aspect, and subject continuity as much as possible to preserve semantic equivalence. Aim for simplicity by using straightforward sentence structures without overly fragmenting the information."
]
2025-11-29 00:45 - INFO - instruction 1: [
    "Rewrite the given sentence to improve clarity and readability by converting passive or complex constructions into active and straightforward ones, restructuring elements as needed to ensure natural flow and logical order, while preserving the original meaning and all relevant information.",
    "Rewrite the input sentence by breaking down complex structures into multiple shorter sentences or simpler clauses, ensuring that each resulting sentence is clear, concise, and retains the complete original meaning without adding or omitting information.",
    "Rewrite the given sentence to improve clarity by using simpler and more precise language, while preserving the original meaning and important details. Ensure that any specialized terms or complex concepts are explained in an accurate, accessible manner without altering the intended message."
]
2025-11-29 00:45 - INFO - instruction 2: [
    "Rewrite the sentence to improve clarity and readability by simplifying vocabulary and sentence structure, and by reorganizing or consolidating phrases as needed, while preserving the original meaning and emphasis.",
    "Rewrite the given sentence to express the same meaning using clear, straightforward language. Ensure the sentence remains accurate and easy to understand by appropriately adjusting vocabulary, sentence structure, and voice without altering the original information.",
    "Rewrite the given complex sentence to improve clarity and ease of understanding by simplifying its structure and language, which may include splitting it into multiple sentences or rephrasing while ensuring the original meaning and factual information are fully preserved."
]
2025-11-29 00:45 - INFO - instruction 3: [
    "Rewrite the given complex sentence into a simpler form by using clear and straightforward language while preserving the original meaning, including any technical or domain-specific terms unless a non-technical equivalent can be used without altering the intended sense or relationships expressed.",
    "Rewrite the given complex sentence into one or more simpler sentences that maintain the original meaning. Use clear, straightforward language by breaking down complicated structures, explaining or paraphrasing technical terms as needed, and optionally condensing or omitting non-essential elaborations such as parenthetical phrases or examples to improve readability without altering the core information.",
    "Rewrite the given sentence using simpler and more common vocabulary and sentence structures while preserving the original meaning. When encountering technical terms, specialized jargon, or abstract concepts, simplify them only as much as necessary to maintain clarity without losing important nuances. Retain any analogies or examples by expressing them in clearer, more accessible language without omitting key details. Ensure the resulting sentence remains coherent and logically consistent throughout."
]
2025-11-29 00:46 - INFO - 
iter_no = 01, valid_scores = [50.53351551967163, 50.46967253610808, 50.29161733125428, 50.15391101301967, 49.97004707487389, 49.58780013145812, 49.557208837487984, 49.328897759476625, 49.11149795531892, 49.0554795010587, 49.01682470604066, 49.00119794681563, 48.85015996566261, 48.808078544114466, 48.65914270100524, 48.42442475851775, 48.39948274208479, 47.827932538534036]
2025-11-29 00:46 - INFO - --------------------------------------------------------------------------------
2025-11-29 00:46 - INFO - init_valid_score = 50.72
2025-11-29 00:46 - INFO - best_valid_score = 50.72 
2025-11-29 00:46 - INFO - --------------------------------------------------------------------------------
2025-11-29 00:46 - INFO - best_instructions = [
    "Rewrite the given complex sentence into two or more simpler sentences that together preserve the original meaning. Ensure each resulting sentence conveys a complete and coherent idea using clear and grammatically correct language. Maintain the original tense, aspect, and subject continuity as much as possible to preserve semantic equivalence. Aim for simplicity by using straightforward sentence structures without overly fragmenting the information.",
    "Rewrite the sentence to convey the essential information clearly and concisely by using simpler vocabulary and shorter phrasing, while removing unnecessary descriptive details that do not change the core meaning.",
    "Rewrite the given complex sentence into one or more simpler sentences that preserve the original meaning. Use clear and accessible language by breaking long or complex sentences into shorter ones, and clarify or explain any technical terms, unusual proper nouns, or detailed descriptions as needed to enhance understanding without changing the intended content."
]
2025-11-29 00:46 - INFO - --------------------------------------------------------------------------------
2025-11-29 00:46 - INFO - instructions pool after beam search, above average and generic algorithm: 
2025-11-29 00:46 - INFO - instruction 0: [
    "Rewrite the given complex sentence into two or more simpler sentences that together preserve the original meaning. Ensure each resulting sentence conveys a complete and coherent idea using clear and grammatically correct language. Maintain the original tense, aspect, and subject continuity as much as possible to preserve semantic equivalence. Aim for simplicity by using straightforward sentence structures without overly fragmenting the information.",
    "Rewrite the sentence to convey the essential information clearly and concisely by using simpler vocabulary and shorter phrasing, while removing unnecessary descriptive details that do not change the core meaning.",
    "Rewrite the given complex sentence into one or more simpler sentences that preserve the original meaning. Use clear and accessible language by breaking long or complex sentences into shorter ones, and clarify or explain any technical terms, unusual proper nouns, or detailed descriptions as needed to enhance understanding without changing the intended content."
]
2025-11-29 00:46 - INFO - instruction 1: [
    "Rewrite the given complex sentence into a simpler form by using clear and straightforward language while preserving the original meaning, including any technical or domain-specific terms unless a non-technical equivalent can be used without altering the intended sense or relationships expressed.",
    "Rewrite the given sentence using simpler and more common vocabulary and sentence structures while preserving the original meaning. When encountering technical terms, specialized jargon, or abstract concepts, simplify them only as much as necessary to maintain clarity without losing important nuances. Retain any analogies or examples by expressing them in clearer, more accessible language without omitting key details. Ensure the resulting sentence remains coherent and logically consistent throughout.",
    "Rewrite the given complex sentence into one or more simpler sentences that maintain the original meaning. Use clear, straightforward language by breaking down complicated structures, explaining or paraphrasing technical terms as needed, and optionally condensing or omitting non-essential elaborations such as parenthetical phrases or examples to improve readability without altering the core information."
]
2025-11-29 00:46 - INFO - instruction 2: [
    "Convert the provided complex sentence into two or more clear and grammatically correct sentences that together retain the original meaning. Keep the original tense, aspect, and subject consistent while using simple and coherent sentence structures.",
    "Rewrite the sentence to express the main idea clearly and briefly using simpler words and shorter phrases, eliminating any unnecessary details that don't affect the meaning.",
    "Transform the provided complex sentence into one or more simpler sentences that retain the original meaning. Use clear, accessible language by splitting lengthy or complicated sentences and explaining any technical terms, uncommon proper nouns, or detailed descriptions to improve comprehension without altering the intended message."
]
2025-11-29 00:46 - INFO - instruction 3: [
    "Rewrite the sentence to enhance clarity and readability by using simpler vocabulary and sentence structures, and by reorganizing or combining phrases as necessary, while maintaining the original meaning and emphasis.",
    "Rewrite the complex sentence to make it clearer and easier to understand by simplifying its language and structure, which may involve splitting it into multiple sentences or rephrasing. Ensure the original meaning and facts remain completely intact.",
    "Rewrite the sentence to convey the same meaning using clear and simple language. Adjust the vocabulary, structure, and voice as needed to keep the information accurate and easy to understand."
]
2025-11-29 00:46 - INFO - instruction 4: [
    "Transform the provided complex sentence into two or more clear and grammatically correct simpler sentences that together retain the original meaning. Keep the original tense, aspect, and subject continuity, using straightforward structures to ensure each sentence expresses a complete thought without excessive fragmentation.",
    "Rewrite the sentence using simpler words and shorter phrases to clearly and concisely convey the main idea, removing any extra details that don\u2019t affect its meaning.",
    "Rewrite the complex sentence into one or more simpler sentences that maintain its original meaning. Use clear, accessible language by splitting lengthy or complicated sentences and explaining any technical terms, unusual names, or detailed descriptions to improve understanding without altering the content."
]
2025-11-29 00:46 - INFO - instruction 5: [
    "Rewrite the given complex sentence into a simpler form by using clear and straightforward language while preserving the original meaning, including any technical or domain-specific terms unless a non-technical equivalent can be used without altering the intended sense or relationships expressed.",
    "Rewrite the given complex sentence into one or more simpler sentences that maintain the original meaning. Use clear, straightforward language by breaking down complicated structures, explaining or paraphrasing technical terms as needed, and optionally condensing or omitting non-essential elaborations such as parenthetical phrases or examples to improve readability without altering the core information.",
    "Rewrite the given sentence using simpler and more common vocabulary and sentence structures while preserving the original meaning. When encountering technical terms, specialized jargon, or abstract concepts, simplify them only as much as necessary to maintain clarity without losing important nuances. Retain any analogies or examples by expressing them in clearer, more accessible language without omitting key details. Ensure the resulting sentence remains coherent and logically consistent throughout."
]
2025-11-29 00:50 - INFO - 
iter_no = 00, valid_scores = [50.73420050319274, 50.363822129168916, 50.12256888457395, 49.63691428440086]
2025-11-29 00:50 - INFO - --------------------------------------------------------------------------------
2025-11-29 00:50 - INFO - init_valid_score = 50.73
2025-11-29 00:50 - INFO - best_valid_score = 50.73 [ *** BEST *** ]
2025-11-29 00:50 - INFO - --------------------------------------------------------------------------------
2025-11-29 00:50 - INFO - best_instructions = [
    "Rewrite the given complex sentence into one or more simple sentences that preserve the original meaning, splitting clauses and adjusting punctuation as needed to improve clarity and readability without adding or changing information.",
    "Rewrite the given sentence using clear, commonly used vocabulary and straightforward sentence structure while preserving its original meaning. Simplify or rephrase complex or compound descriptions to enhance readability, and consistently handle stylistic elements such as parentheses or color qualifiers by integrating or clarifying them without changing the intended information.",
    "Rewrite the given sentence to improve readability by using simpler vocabulary and sentence structures, and by allowing minor rephrasing or condensation as needed, while preserving the original meaning."
]
2025-11-29 00:50 - INFO - --------------------------------------------------------------------------------
2025-11-29 00:50 - INFO - instructions pool after beam search, above average and generic algorithm: 
2025-11-29 00:50 - INFO - instruction 0: [
    "Rewrite the given complex sentence into one or more simple sentences that preserve the original meaning, splitting clauses and adjusting punctuation as needed to improve clarity and readability without adding or changing information.",
    "Rewrite the given sentence using clear, commonly used vocabulary and straightforward sentence structure while preserving its original meaning. Simplify or rephrase complex or compound descriptions to enhance readability, and consistently handle stylistic elements such as parentheses or color qualifiers by integrating or clarifying them without changing the intended information.",
    "Rewrite the given sentence to improve readability by using simpler vocabulary and sentence structures, and by allowing minor rephrasing or condensation as needed, while preserving the original meaning."
]
2025-11-29 00:50 - INFO - instruction 1: [
    "Rewrite the given sentence to preserve its original meaning while improving clarity and readability. This may involve simplifying vocabulary, shortening or restructuring the sentence, changing the sentence voice (e.g., active to passive), or adjusting phrasing to make the sentence easier to understand without altering its intent.",
    "Rewrite the given complex sentence into one or more simpler sentences that preserve the original meaning, improving clarity and readability. This may involve splitting sentences, reordering phrases for logical flow, and rephrasing for conciseness without omitting any factual information.",
    "Rewrite the given complex sentence into a simpler form by using clear and straightforward language while preserving the original meaning, including all factual details, proper nouns, and the roles of entities, without introducing ambiguity or altering the semantic relationships."
]
2025-11-29 00:50 - INFO - instruction 2: [
    "Rewrite the given sentence by replacing complex vocabulary and phrasing with simpler, more common alternatives, while accurately preserving the original meaning and important domain-specific terms. Ensure that any technical or specialized language is either maintained or clearly simplified without altering its precise meaning. The revised sentence should enhance readability and clarity without adding, omitting, or distorting key information.",
    "Split complex sentences into two or more grammatically correct simpler sentences that retain the original meaning and logical connections, ensuring clarity without altering emphasis or introducing new information.",
    "Rewrite the given sentence using vocabulary and sentence structure that are easier to understand, while accurately preserving all essential information and meaning without omitting or altering key details."
]
2025-11-29 00:50 - INFO - instruction 3: [
    "Rewrite the given sentence using simpler vocabulary and sentence structure while preserving all original factual information and the overall meaning. Do not omit or add details such as names, dates, or other specific facts unless they can be clearly simplified without altering the intended message.",
    "Rewrite the given complex sentence into a simpler version by using clear, commonly understood words and expressions while preserving the original meaning and maintaining the accuracy of any technical or specialized terms.",
    "Rewrite the given complex sentence to improve clarity and readability by simplifying its structure and vocabulary while preserving all original meaning and important details. You may split it into one or more sentences as needed to ensure the information is conveyed clearly and accurately."
]
2025-11-29 00:57 - INFO - improved instructions pool: 
2025-11-29 00:57 - INFO - instruction 0: [
    "Rewrite the given complex sentence into one or more simple sentences that preserve the original meaning, splitting clauses and adjusting punctuation as needed to improve clarity and readability without adding or changing information.",
    "Rewrite the given sentence using clear, commonly used vocabulary and straightforward sentence structure while preserving its original meaning. Simplify or rephrase complex or compound descriptions to enhance readability, and consistently handle stylistic elements such as parentheses or color qualifiers by integrating or clarifying them without changing the intended information.",
    "Ensure that the rewritten sentence closely matches the original phrasing and word choices, avoiding unnecessary paraphrasing or reordering unless it improves clarity. Preserve original terminology, hyphenation, and stylistic elements exactly as they appear unless explicitly required to simplify them.",
    "Rewrite the given sentence to improve readability by using simpler vocabulary and sentence structures, and by allowing minor rephrasing or condensation as needed, while preserving the original meaning."
]
2025-11-29 00:57 - INFO - instruction 1: [
    "Rewrite the given sentence to preserve its original meaning while improving clarity and readability. This may involve simplifying vocabulary, shortening or restructuring the sentence, changing the sentence voice (e.g., active to passive), or adjusting phrasing to make the sentence easier to understand without altering its intent.",
    "Rewrite the given complex sentence into one or more simpler sentences that preserve the original meaning, improving clarity and readability. This may involve splitting sentences, reordering phrases for logical flow, and rephrasing for conciseness without omitting any factual information.",
    "Rewrite the given complex sentence into a simpler form by using clear and straightforward language while preserving the original meaning, including all factual details, proper nouns, and the roles of entities, without introducing ambiguity or altering the semantic relationships.",
    "Ensure the rewritten sentences match a concise and natural phrasing style by using simple vocabulary and structures, avoiding unnecessary elaboration or added details. Prefer shorter, direct sentences that closely mirror the original's key facts without expanding or altering the information."
]
2025-11-29 00:57 - INFO - instruction 2: [
    "Rewrite the given sentence by replacing complex vocabulary and phrasing with simpler, more common alternatives, while accurately preserving the original meaning and important domain-specific terms. Ensure that any technical or specialized language is either maintained or clearly simplified without altering its precise meaning. The revised sentence should enhance readability and clarity without adding, omitting, or distorting key information.",
    "Split complex sentences into two or more grammatically correct simpler sentences that retain the original meaning and logical connections, ensuring clarity without altering emphasis or introducing new information.",
    "When rewriting, prefer simpler and more commonly used words or phrases even if that means omitting less essential details like exact dates or formal titles, as long as key information remains accurate. Also, use more direct sentence structures and avoid unnecessary elaboration to closely match concise, natural expressions.",
    "Rewrite the given sentence using vocabulary and sentence structure that are easier to understand, while accurately preserving all essential information and meaning without omitting or altering key details."
]
2025-11-29 00:57 - INFO - instruction 3: [
    "Rewrite the given sentence using simpler vocabulary and sentence structure while preserving all original factual information and the overall meaning. Do not omit or add details such as names, dates, or other specific facts unless they can be clearly simplified without altering the intended message.",
    "Rewrite the given complex sentence into a simpler version by using clear, commonly understood words and expressions while preserving the original meaning and maintaining the accuracy of any technical or specialized terms.",
    "When simplifying, match the style, phrasing, and word choice of the original sentence as closely as possible while simplifying vocabulary and structure. Use concise and precise expressions without adding or reordering details, and favor literal simplifications over rephrasing or expansions.",
    "Rewrite the given complex sentence to improve clarity and readability by simplifying its structure and vocabulary while preserving all original meaning and important details. You may split it into one or more sentences as needed to ensure the information is conveyed clearly and accurately."
]
2025-11-29 00:57 - INFO - rephrased instructions pool: 
2025-11-29 00:57 - INFO - instruction 0: [
    "Rewrite the complex sentence into one or more simple sentences that maintain the original meaning, dividing clauses and modifying punctuation to enhance clarity and readability without adding or altering information.",
    "Rewrite the sentence using simple, everyday language and clear structure while keeping the original meaning. Make complex parts easier to understand and consistently integrate or clarify stylistic details like parentheses or color descriptions without altering the information.",
    "Paraphrase the given sentence to enhance clarity using simpler words and structures, permitting slight rewording or shortening as necessary without changing the meaning."
]
2025-11-29 00:57 - INFO - instruction 1: [
    "Rewrite the given sentence to maintain its original meaning while enhancing clarity and readability. You may simplify vocabulary, restructure or shorten the sentence, change its voice, or adjust phrasing to make it clearer without changing the intent.",
    "Rewrite the complex sentence into one or more simpler sentences that maintain the original meaning while enhancing clarity and readability. You may split sentences, reorder phrases for better flow, and rephrase concisely without losing any factual details.",
    "Simplify the provided complex sentence using clear and direct language, ensuring all factual details, proper nouns, and the roles of entities remain intact without changing the original meaning or causing ambiguity."
]
2025-11-29 00:57 - INFO - instruction 2: [
    "Restate the given sentence using simpler, more common words and phrasing while keeping the original meaning and key technical terms intact. Make sure any specialized language is either preserved or clearly simplified without changing its exact meaning, improving overall clarity and readability.",
    "Divide complex sentences into two or more clear, grammatically correct simpler sentences that preserve the original meaning and logical relationships without changing emphasis or adding new information. Ensure clarity is maintained throughout.",
    "Rewrite the given sentence in simpler words and a clearer structure, making sure to keep all important information and meaning exactly the same."
]
2025-11-29 00:57 - INFO - instruction 3: [
    "Rewrite the sentence using simpler words and structure, keeping all original facts and meaning intact. Avoid removing or adding details like names or dates unless they can be clearly simplified without changing the message.",
    "Simplify the given complex sentence by using clear, everyday language, ensuring the original meaning and the accuracy of any technical or specialized terms remain intact.",
    "Rewrite the complex sentence to enhance clarity and readability by using simpler words and structure, ensuring all original meaning and key details remain intact. You may divide it into multiple sentences if needed to communicate the information clearly and precisely."
]
2025-11-29 00:57 - INFO - instruction 4: [
    "Transform the provided complex sentence into one or more simple sentences by separating clauses and adjusting punctuation as necessary, ensuring the original meaning remains unchanged. Maintain clarity and readability without adding or altering any information.",
    "Rewrite the sentence using simple, everyday language and clear sentence structure without altering its original meaning. Simplify complex descriptions and consistently clarify stylistic elements like parentheses or color terms to improve readability.",
    "Rewrite the given sentence to make it easier to understand by using simpler words and sentence structures, allowing slight rephrasing or shortening as long as the original meaning stays the same."
]
2025-11-29 00:57 - INFO - instruction 5: [
    "Rewrite the sentence to maintain its original meaning while enhancing clarity and readability. You may simplify vocabulary, restructure the sentence, change its voice, or adjust phrasing to make it easier to understand without changing the intent.",
    "Convert the provided complex sentence into one or more clearer, simpler sentences that maintain the original meaning. You may split sentences, reorder phrases for better flow, and rephrase concisely without leaving out any facts.",
    "Simplify the given complex sentence using clear and straightforward language, ensuring all factual details, proper nouns, and entity roles remain intact without changing the original meaning or creating ambiguity. Maintain the semantic relationships exactly as they are."
]
2025-11-29 00:57 - INFO - instruction 6: [
    "Rewrite the sentence using simpler, more common words and phrasing while keeping all important technical terms and the original meaning intact. Make sure the revised sentence improves clarity and readability without changing, adding, or leaving out essential information.",
    "Divide complex sentences into multiple grammatically correct simpler sentences that preserve the original meaning and logical relationships, maintaining clarity without changing emphasis or adding new information.",
    "Paraphrase the given sentence using simpler words and sentence structure, ensuring all important information and meaning remain unchanged and complete."
]
2025-11-29 00:57 - INFO - instruction 7: [
    "Rewrite the sentence using easier words and simpler structure without changing any facts or the main meaning. Keep all details like names and dates unless they can be clearly simplified without affecting the message.",
    "Simplify the provided complex sentence using clear, everyday language without changing its original meaning or compromising the accuracy of any technical or specialized terms. Ensure the revised sentence remains faithful to the initial content.",
    "Rewrite the complex sentence to enhance clarity and readability by simplifying its structure and language, while retaining all original meaning and key details. Feel free to split it into multiple sentences if necessary to communicate the information clearly and accurately."
]
2025-11-29 00:57 - INFO - permuted instructions pool: 
2025-11-29 00:57 - INFO - instruction 0: [
    "Rewrite the given sentence using clear, commonly used vocabulary and straightforward sentence structure while preserving its original meaning. Simplify or rephrase complex or compound descriptions to enhance readability, and consistently handle stylistic elements such as parentheses or color qualifiers by integrating or clarifying them without changing the intended information.",
    "Rewrite the given complex sentence into one or more simple sentences that preserve the original meaning, splitting clauses and adjusting punctuation as needed to improve clarity and readability without adding or changing information.",
    "Rewrite the given sentence to improve readability by using simpler vocabulary and sentence structures, and by allowing minor rephrasing or condensation as needed, while preserving the original meaning."
]
2025-11-29 00:57 - INFO - instruction 1: [
    "Rewrite the given sentence to preserve its original meaning while improving clarity and readability. This may involve simplifying vocabulary, shortening or restructuring the sentence, changing the sentence voice (e.g., active to passive), or adjusting phrasing to make the sentence easier to understand without altering its intent.",
    "Rewrite the given complex sentence into a simpler form by using clear and straightforward language while preserving the original meaning, including all factual details, proper nouns, and the roles of entities, without introducing ambiguity or altering the semantic relationships.",
    "Rewrite the given complex sentence into one or more simpler sentences that preserve the original meaning, improving clarity and readability. This may involve splitting sentences, reordering phrases for logical flow, and rephrasing for conciseness without omitting any factual information."
]
2025-11-29 00:57 - INFO - instruction 2: [
    "Split complex sentences into two or more grammatically correct simpler sentences that retain the original meaning and logical connections, ensuring clarity without altering emphasis or introducing new information.",
    "Rewrite the given sentence by replacing complex vocabulary and phrasing with simpler, more common alternatives, while accurately preserving the original meaning and important domain-specific terms. Ensure that any technical or specialized language is either maintained or clearly simplified without altering its precise meaning. The revised sentence should enhance readability and clarity without adding, omitting, or distorting key information.",
    "Rewrite the given sentence using vocabulary and sentence structure that are easier to understand, while accurately preserving all essential information and meaning without omitting or altering key details."
]
2025-11-29 00:57 - INFO - instruction 3: [
    "Rewrite the given complex sentence into a simpler version by using clear, commonly understood words and expressions while preserving the original meaning and maintaining the accuracy of any technical or specialized terms.",
    "Rewrite the given complex sentence to improve clarity and readability by simplifying its structure and vocabulary while preserving all original meaning and important details. You may split it into one or more sentences as needed to ensure the information is conveyed clearly and accurately.",
    "Rewrite the given sentence using simpler vocabulary and sentence structure while preserving all original factual information and the overall meaning. Do not omit or add details such as names, dates, or other specific facts unless they can be clearly simplified without altering the intended message."
]
2025-11-29 00:58 - INFO - 
iter_no = 01, valid_scores = [50.87720949170811, 50.87131867052426, 50.494082738845115, 50.328419593358056, 50.29108997874389, 50.160780695193665, 50.131911447144404, 50.12420034012178, 50.12215000982618, 50.041070057583426, 50.02197964596198, 49.996233676176736, 49.790218742751165, 49.738702161445694, 49.42731616746957, 49.396857124410154, 49.308734612282706, 49.044877627912705, 48.9417483424451, 47.21870327053358]
2025-11-29 00:58 - INFO - --------------------------------------------------------------------------------
2025-11-29 00:58 - INFO - init_valid_score = 50.73
2025-11-29 00:58 - INFO - best_valid_score = 50.88 [ *** BEST *** ]
2025-11-29 00:58 - INFO - --------------------------------------------------------------------------------
2025-11-29 00:58 - INFO - best_instructions = [
    "Transform the provided complex sentence into one or more simple sentences by separating clauses and adjusting punctuation as necessary, ensuring the original meaning remains unchanged. Maintain clarity and readability without adding or altering any information.",
    "Rewrite the sentence using simple, everyday language and clear sentence structure without altering its original meaning. Simplify complex descriptions and consistently clarify stylistic elements like parentheses or color terms to improve readability.",
    "Rewrite the given sentence to make it easier to understand by using simpler words and sentence structures, allowing slight rephrasing or shortening as long as the original meaning stays the same."
]
2025-11-29 00:58 - INFO - --------------------------------------------------------------------------------
2025-11-29 00:58 - INFO - instructions pool after beam search, above average and generic algorithm: 
2025-11-29 00:58 - INFO - instruction 0: [
    "Rewrite the sentence to maintain its original meaning while enhancing clarity and readability. You may simplify vocabulary, restructure the sentence, change its voice, or adjust phrasing to make it easier to understand without changing the intent.",
    "Convert the provided complex sentence into one or more clearer, simpler sentences that maintain the original meaning. You may split sentences, reorder phrases for better flow, and rephrase concisely without leaving out any facts.",
    "Simplify the given complex sentence using clear and straightforward language, ensuring all factual details, proper nouns, and entity roles remain intact without changing the original meaning or creating ambiguity. Maintain the semantic relationships exactly as they are."
]
2025-11-29 00:58 - INFO - instruction 1: [
    "Split complex sentences into two or more grammatically correct simpler sentences that retain the original meaning and logical connections, ensuring clarity without altering emphasis or introducing new information.",
    "Rewrite the given sentence by replacing complex vocabulary and phrasing with simpler, more common alternatives, while accurately preserving the original meaning and important domain-specific terms. Ensure that any technical or specialized language is either maintained or clearly simplified without altering its precise meaning. The revised sentence should enhance readability and clarity without adding, omitting, or distorting key information.",
    "Rewrite the given sentence using vocabulary and sentence structure that are easier to understand, while accurately preserving all essential information and meaning without omitting or altering key details."
]
2025-11-29 00:58 - INFO - instruction 2: [
    "Transform the provided complex sentence into one or more simple sentences by separating clauses and adjusting punctuation as necessary, ensuring the original meaning remains unchanged. Maintain clarity and readability without adding or altering any information.",
    "Rewrite the sentence using simple, everyday language and clear sentence structure without altering its original meaning. Simplify complex descriptions and consistently clarify stylistic elements like parentheses or color terms to improve readability.",
    "Rewrite the given sentence to make it easier to understand by using simpler words and sentence structures, allowing slight rephrasing or shortening as long as the original meaning stays the same."
]
2025-11-29 00:58 - INFO - instruction 3: [
    "Rewrite the given sentence by replacing complex vocabulary and phrasing with simpler, more common alternatives, while accurately preserving the original meaning and important domain-specific terms. Ensure that any technical or specialized language is either maintained or clearly simplified without altering its precise meaning. The revised sentence should enhance readability and clarity without adding, omitting, or distorting key information.",
    "Split complex sentences into two or more grammatically correct simpler sentences that retain the original meaning and logical connections, ensuring clarity without altering emphasis or introducing new information.",
    "When rewriting, prefer simpler and more commonly used words or phrases even if that means omitting less essential details like exact dates or formal titles, as long as key information remains accurate. Also, use more direct sentence structures and avoid unnecessary elaboration to closely match concise, natural expressions.",
    "Rewrite the given sentence using vocabulary and sentence structure that are easier to understand, while accurately preserving all essential information and meaning without omitting or altering key details."
]
2025-11-29 00:58 - INFO - instruction 4: [
    "Rewrite the given complex sentence into one or more simple sentences that preserve the original meaning, splitting clauses and adjusting punctuation as needed to improve clarity and readability without adding or changing information.",
    "Rewrite the given sentence using clear, commonly used vocabulary and straightforward sentence structure while preserving its original meaning. Simplify or rephrase complex or compound descriptions to enhance readability, and consistently handle stylistic elements such as parentheses or color qualifiers by integrating or clarifying them without changing the intended information.",
    "Rewrite the given sentence to improve readability by using simpler vocabulary and sentence structures, and by allowing minor rephrasing or condensation as needed, while preserving the original meaning."
]
2025-11-29 00:58 - INFO - instruction 5: [
    "Rewrite the given sentence to preserve its original meaning while improving clarity and readability. This may involve simplifying vocabulary, shortening or restructuring the sentence, changing the sentence voice (e.g., active to passive), or adjusting phrasing to make the sentence easier to understand without altering its intent.",
    "Rewrite the given complex sentence into one or more simpler sentences that preserve the original meaning, improving clarity and readability. This may involve splitting sentences, reordering phrases for logical flow, and rephrasing for conciseness without omitting any factual information.",
    "Rewrite the given complex sentence into a simpler form by using clear and straightforward language while preserving the original meaning, including all factual details, proper nouns, and the roles of entities, without introducing ambiguity or altering the semantic relationships.",
    "Ensure the rewritten sentences match a concise and natural phrasing style by using simple vocabulary and structures, avoiding unnecessary elaboration or added details. Prefer shorter, direct sentences that closely mirror the original's key facts without expanding or altering the information."
]
2025-11-29 00:58 - INFO - instruction 6: [
    "Rewrite the given sentence using simpler vocabulary and sentence structure while preserving all original factual information and the overall meaning. Do not omit or add details such as names, dates, or other specific facts unless they can be clearly simplified without altering the intended message.",
    "Rewrite the given complex sentence into a simpler version by using clear, commonly understood words and expressions while preserving the original meaning and maintaining the accuracy of any technical or specialized terms.",
    "When simplifying, match the style, phrasing, and word choice of the original sentence as closely as possible while simplifying vocabulary and structure. Use concise and precise expressions without adding or reordering details, and favor literal simplifications over rephrasing or expansions.",
    "Rewrite the given complex sentence to improve clarity and readability by simplifying its structure and vocabulary while preserving all original meaning and important details. You may split it into one or more sentences as needed to ensure the information is conveyed clearly and accurately."
]
2025-11-29 00:58 - INFO - instruction 7: [
    "Rewrite the complex sentence into one or more simple sentences that maintain the original meaning, dividing clauses and modifying punctuation to enhance clarity and readability without adding or altering information.",
    "Rewrite the sentence using simple, everyday language and clear structure while keeping the original meaning. Make complex parts easier to understand and consistently integrate or clarify stylistic details like parentheses or color descriptions without altering the information.",
    "Paraphrase the given sentence to enhance clarity using simpler words and structures, permitting slight rewording or shortening as necessary without changing the meaning."
]
2025-11-30 21:49 - INFO - 
iter_no = 00, valid_scores = [50.01662462915166, 49.957569637659994, 49.46369647537324, 49.45653011890723]
2025-11-30 21:49 - INFO - --------------------------------------------------------------------------------
2025-11-30 21:49 - INFO - init_valid_score = 50.02
2025-11-30 21:49 - INFO - best_valid_score = 50.02 [ *** BEST *** ]
2025-11-30 21:49 - INFO - --------------------------------------------------------------------------------
2025-11-30 21:49 - INFO - best_instructions = [
    "Rewrite the given sentence to improve clarity and ease of understanding by using simpler vocabulary and sentence structure. When appropriate, remove or reorder less important details to make the main idea clear and concise without changing its original meaning.",
    "Divide the given complex sentence into multiple shorter sentences to improve clarity and readability, ensuring that the original meaning, tone, and logical connections are fully preserved. Adjust punctuation and conjunctions as needed to maintain coherence without adding, omitting, or altering information.",
    "Rewrite the given complex sentence into a clearer and more accessible form by using straightforward language and concise phrasing while preserving the original meaning and all essential information. Retain critical quantitative data and technical details unless they can be simplified without losing accuracy, and omit supplementary references or secondary information only if they do not affect the core understanding."
]
2025-11-30 21:49 - INFO - --------------------------------------------------------------------------------
2025-11-30 21:50 - INFO - improved instructions pool: 
2025-11-30 21:50 - INFO - instruction 0: [
    "Rewrite the given sentence to improve clarity and ease of understanding by using simpler vocabulary and sentence structure. When appropriate, remove or reorder less important details to make the main idea clear and concise without changing its original meaning.",
    "Use simpler vocabulary where possible without adding extra words, and prefer phrasing that closely matches the original sentence structure and word choices. Avoid introducing synonyms or paraphrases that differ significantly in wording from the original text while maintaining clarity and simplicity.",
    "Divide the given complex sentence into multiple shorter sentences to improve clarity and readability, ensuring that the original meaning, tone, and logical connections are fully preserved. Adjust punctuation and conjunctions as needed to maintain coherence without adding, omitting, or altering information.",
    "Rewrite the given complex sentence into a clearer and more accessible form by using straightforward language and concise phrasing while preserving the original meaning and all essential information. Retain critical quantitative data and technical details unless they can be simplified without losing accuracy, and omit supplementary references or secondary information only if they do not affect the core understanding."
]
2025-11-30 21:50 - INFO - instruction 1: [
    "Rewrite the given complex sentence into one or more clear and concise sentences that preserve all original factual information and numerical details accurately, improving readability by logically separating ideas without altering meaning.",
    "Rewrite sentences to match the phrasing and word choice of typical, natural expressions closely, including common abbreviations and conventional terms, while preserving meaning. Use familiar word forms and standard formatting to align outputs with widely accepted, concise speech patterns.",
    "Rewrite the given sentence using clear, commonly used words and phrases while preserving the original meaning and maintaining a neutral, appropriate level of formality. Simplify sentence structure where possible to enhance readability, avoiding slang, idioms, or overly casual expressions. Ensure that the tone and intensity of the original sentence are retained.",
    "Rewrite the sentence to improve clarity and readability by using simpler vocabulary and phrasing, restructuring as needed, and replacing idiomatic or formal expressions with more common alternatives, while accurately preserving the original meaning and tone."
]
2025-11-30 21:50 - INFO - rephrased instructions pool: 
2025-11-30 21:50 - INFO - instruction 0: [
    "Rewrite the sentence to enhance clarity and simplicity by using easier words and simpler structure. Remove or rearrange less important details as needed to clearly convey the main idea without altering its original meaning.",
    "Break down the complex sentence into several shorter ones to enhance clarity and readability, while fully preserving the original meaning, tone, and logical flow. Modify punctuation and conjunctions as necessary to keep coherence without changing, removing, or adding any information.",
    "Rewrite the complex sentence using clear, simple language and concise phrasing while maintaining the original meaning and all crucial information, including key quantitative data and technical details. Remove only non-essential references or secondary details that do not impact the main understanding."
]
2025-11-30 21:50 - INFO - instruction 1: [
    "Convert the provided complex sentence into one or more clear and concise sentences that retain all original facts and numerical details, enhancing readability by logically dividing ideas without changing their meaning.",
    "Rewrite the sentence using simple, familiar words and phrases that keep the original meaning and a neutral, suitable formality. Simplify the structure to improve clarity, avoiding slang, idioms, or informal language, while preserving the original tone and intensity.",
    "Revise the sentence to enhance clarity and readability by using simpler words and sentence structure, replacing idiomatic or formal phrases with more common expressions, while keeping the original meaning and tone intact."
]
2025-11-30 21:50 - INFO - instruction 2: [
    "Rewrite the sentence to enhance clarity and simplicity by using easier words and a straightforward structure. Remove or rearrange minor details as needed to clearly and concisely convey the main idea without altering its meaning.",
    "Break the provided complex sentence into several shorter sentences to enhance clarity and readability, while fully preserving the original meaning, tone, and logical flow. Modify punctuation and conjunctions as necessary to keep coherence, without adding, removing, or changing any information.",
    "Rewrite the complex sentence using clear, concise language that preserves the original meaning and key details, including important quantitative and technical information unless simplification is possible without loss of accuracy. Exclude secondary or supplementary information only if it does not impact the main understanding."
]
2025-11-30 21:50 - INFO - instruction 3: [
    "Rewrite the complex sentence into one or more clear, concise sentences that retain all original facts and numerical details, enhancing readability by logically dividing the ideas without changing their meaning.",
    "Rewrite the sentence using simple, everyday language that keeps the original meaning and a neutral, suitable tone. Make the structure clearer and more readable without using slang, idioms, or informal expressions.",
    "Rewrite the sentence to enhance clarity and readability by using simpler words and phrasing, restructuring where necessary, and substituting idiomatic or formal expressions with more common ones, while keeping the original meaning and tone intact."
]
2025-11-30 21:50 - INFO - permuted instructions pool: 
2025-11-30 21:50 - INFO - instruction 0: [
    "Rewrite the given complex sentence into a clearer and more accessible form by using straightforward language and concise phrasing while preserving the original meaning and all essential information. Retain critical quantitative data and technical details unless they can be simplified without losing accuracy, and omit supplementary references or secondary information only if they do not affect the core understanding.",
    "Rewrite the given sentence to improve clarity and ease of understanding by using simpler vocabulary and sentence structure. When appropriate, remove or reorder less important details to make the main idea clear and concise without changing its original meaning.",
    "Divide the given complex sentence into multiple shorter sentences to improve clarity and readability, ensuring that the original meaning, tone, and logical connections are fully preserved. Adjust punctuation and conjunctions as needed to maintain coherence without adding, omitting, or altering information."
]
2025-11-30 21:50 - INFO - instruction 1: [
    "Rewrite the given sentence using clear, commonly used words and phrases while preserving the original meaning and maintaining a neutral, appropriate level of formality. Simplify sentence structure where possible to enhance readability, avoiding slang, idioms, or overly casual expressions. Ensure that the tone and intensity of the original sentence are retained.",
    "Rewrite the sentence to improve clarity and readability by using simpler vocabulary and phrasing, restructuring as needed, and replacing idiomatic or formal expressions with more common alternatives, while accurately preserving the original meaning and tone.",
    "Rewrite the given complex sentence into one or more clear and concise sentences that preserve all original factual information and numerical details accurately, improving readability by logically separating ideas without altering meaning."
]
2025-11-30 21:50 - INFO - 
iter_no = 01, valid_scores = [50.78750189435663, 50.40967500179173, 50.2438430606887, 50.20471135904489, 50.04970180765813, 50.04101848563712, 50.03101265905741, 50.018140178211674, 49.91741319183641, 49.64273412855323]
2025-11-30 21:50 - INFO - --------------------------------------------------------------------------------
2025-11-30 21:50 - INFO - init_valid_score = 50.02
2025-11-30 21:50 - INFO - best_valid_score = 50.79 [ *** BEST *** ]
2025-11-30 21:50 - INFO - --------------------------------------------------------------------------------
2025-11-30 21:50 - INFO - best_instructions = [
    "Rewrite the given sentence to improve clarity and ease of understanding by using simpler vocabulary and sentence structure. When appropriate, remove or reorder less important details to make the main idea clear and concise without changing its original meaning.",
    "Use simpler vocabulary where possible without adding extra words, and prefer phrasing that closely matches the original sentence structure and word choices. Avoid introducing synonyms or paraphrases that differ significantly in wording from the original text while maintaining clarity and simplicity.",
    "Divide the given complex sentence into multiple shorter sentences to improve clarity and readability, ensuring that the original meaning, tone, and logical connections are fully preserved. Adjust punctuation and conjunctions as needed to maintain coherence without adding, omitting, or altering information.",
    "Rewrite the given complex sentence into a clearer and more accessible form by using straightforward language and concise phrasing while preserving the original meaning and all essential information. Retain critical quantitative data and technical details unless they can be simplified without losing accuracy, and omit supplementary references or secondary information only if they do not affect the core understanding."
]
2025-11-30 21:50 - INFO - --------------------------------------------------------------------------------
2025-11-30 21:54 - INFO - 
iter_no = 00, valid_scores = [50.48660967282769, 50.21303047224021, 50.12867260993115, 49.86499860455549]
2025-11-30 21:54 - INFO - --------------------------------------------------------------------------------
2025-11-30 21:54 - INFO - init_valid_score = 50.49
2025-11-30 21:54 - INFO - best_valid_score = 50.49 [ *** BEST *** ]
2025-11-30 21:54 - INFO - --------------------------------------------------------------------------------
2025-11-30 21:54 - INFO - best_instructions = [
    "Rewrite one or more complex sentences by dividing them into multiple shorter sentences that retain the original meaning. Ensure each resulting sentence expresses a single clear idea, adjust punctuation as needed, and appropriately rephrase or reposition conjunctions and connectors to maintain coherence and readability.",
    "Rewrite the sentence using clear and straightforward language while preserving its original meaning. Simplify vocabulary and sentence structure, and remove any non-essential details such as examples, clarifications, or parenthetical information to improve readability.",
    "Simplify the given sentence by replacing complex, uncommon, or difficult words and expressions\u2014including idiomatic phrases\u2014with simpler, more familiar alternatives, while preserving the original meaning and keeping the sentence structure intact."
]
2025-11-30 21:54 - INFO - --------------------------------------------------------------------------------
2025-11-30 21:56 - INFO - improved instructions pool: 
2025-11-30 21:56 - INFO - instruction 0: [
    "Match sentence meaning by using more concise phrasing and fewer added details, favoring brevity and straightforward structure; when listing specific items or examples, focus on the key elements and avoid unnecessary elaboration. Aim to combine related ideas into a single clear sentence unless separation enhances clarity.",
    "Rewrite one or more complex sentences by dividing them into multiple shorter sentences that retain the original meaning. Ensure each resulting sentence expresses a single clear idea, adjust punctuation as needed, and appropriately rephrase or reposition conjunctions and connectors to maintain coherence and readability.",
    "Rewrite the sentence using clear and straightforward language while preserving its original meaning. Simplify vocabulary and sentence structure, and remove any non-essential details such as examples, clarifications, or parenthetical information to improve readability.",
    "Simplify the given sentence by replacing complex, uncommon, or difficult words and expressions\u2014including idiomatic phrases\u2014with simpler, more familiar alternatives, while preserving the original meaning and keeping the sentence structure intact."
]
2025-11-30 21:56 - INFO - instruction 1: [
    "Produce the simplified sentence using phrasing and word choice as close as possible to the reference style, avoiding unnecessary paraphrasing or expansions. When multiple correct simplifications exist, prefer those that reflect the exact sentence structure and vocabulary seen in typical standard simplified texts.",
    "Rewrite the given complex sentence into one or more simpler sentences that preserve the original meaning using clear and straightforward language. When appropriate, separate distinct concepts or ideas to enhance readability. If compound names or combined elements are unclear or overly detailed, you may clarify or simplify them while maintaining the core information. Minor omissions or rephrasings are allowed only if they do not change the original meaning.",
    "Rewrite the complex sentence into a simpler version by using common vocabulary, shorter phrases, and a clearer sentence structure while preserving the original meaning. Use numerals consistently to represent numbers. When appropriate, replace less familiar or specialized terms with easier-to-understand alternatives. Additionally, consider revising sentence voice and grammatical constructions to enhance clarity, such as changing passive voice to active voice when it improves readability.",
    "Rewrite the given sentence using simpler vocabulary and sentence structure while preserving all essential information and the original meaning. Maintain accuracy by retaining important factual details unless explicitly instructed otherwise."
]
2025-11-30 21:56 - INFO - instruction 2: [
    "Rewrite the given sentence to use simpler and clearer language while preserving its original meaning. When simplifying, clarify or rephrase complex expressions, including parenthetical information, compound adjectives, and descriptive phrases such as colors or materials, ensuring the sentence remains accurate and natural without introducing new ideas or altering the intended message.",
    "Rewrite the given complex sentence into two or more simpler sentences that maintain the original meaning and logical relationships. Ensure that verb tenses remain consistent and that pronoun references or other expressions clearly and accurately reflect their antecedents to avoid ambiguity. Use clear and straightforward language to improve readability without altering the intended message.",
    "Rewrite the sentence using simpler, more common words to improve clarity while retaining the original meaning. Minor adjustments to wording and structure are allowed when they help make the sentence easier to understand, but do not add, omit, or change the sentence\u2019s core message.",
    "Match the sentence structure, word choice, and phrasing of the original example as closely as possible, using only simple and common words without adding or removing content. When splitting complex sentences, ensure the parts correspond exactly to the given model in length and detail, preserving all nuances precisely."
]
2025-11-30 21:56 - INFO - rephrased instructions pool: 
2025-11-30 21:56 - INFO - instruction 0: [
    "Break down one or more complex sentences into several shorter ones that preserve the original meaning. Make sure each sentence conveys a single clear idea, adjusting punctuation and repositioning conjunctions or connectors as necessary to ensure clarity and flow.",
    "Rewrite the sentence in clear, simple language without changing its meaning. Remove any extra details like examples or explanations to make it easier to read.",
    "Rewrite the sentence by substituting complex, uncommon, or idiomatic words and phrases with simpler, more familiar ones, ensuring the original meaning and sentence structure remain unchanged."
]
2025-11-30 21:56 - INFO - instruction 1: [
    "Rewrite the complex sentence into simpler, clear sentences that maintain the original meaning, splitting distinct ideas when helpful for readability. You may clarify or simplify compound names or details without altering the core information, allowing minor changes only if the meaning stays intact.",
    "Simplify the complex sentence using common words, shorter phrases, and clear structure while keeping the original meaning. Consistently use numerals for numbers, replace difficult terms with simpler ones, and adjust sentence voice or grammar\u2014such as switching from passive to active voice\u2014to improve clarity.",
    "Rewrite the provided sentence using easier words and simpler structure, ensuring all key information and the original meaning remain intact. Keep accuracy by preserving important facts unless told to omit them."
]
2025-11-30 21:56 - INFO - instruction 2: [
    "Rewrite the sentence to make it clearer and easier to understand, using simpler words and sentence structures. Feel free to change the sentence voice (active or passive) if it helps improve clarity while keeping the original meaning.",
    "Rewrite the complex sentence into clear, concise sentences that break down the information while preserving all original details, including numerical and factual accuracy. Ensure the meaning remains unchanged without adding, omitting, or altering any information.",
    "Rewrite the sentence using simpler words but keep all original proper nouns and key terms intact, making sure the meaning stays accurate and contextually suitable without changing any historical, factual, or sensitive details."
]
2025-11-30 21:56 - INFO - instruction 3: [
    "Rewrite the given sentence using simpler and clearer language, making sure to explain or rephrase complex parts like parenthetical details, compound adjectives, and descriptive phrases while keeping the original meaning intact and natural. Avoid adding new ideas or changing the intended message.",
    "Rewrite the complex sentence as two or more simpler sentences that preserve the original meaning and logical connections. Maintain consistent verb tenses and clear references to avoid ambiguity, using straightforward language to enhance readability without changing the intended message.",
    "Rewrite the sentence using simpler, everyday words to make it clearer without changing its original meaning. Small changes to wording and structure are permitted only if they help improve understanding, but do not add, remove, or alter the main message."
]
2025-11-30 21:56 - INFO - instruction 4: [
    "Divide one or more complex sentences into multiple shorter sentences that preserve the original meaning. Ensure each new sentence conveys a single clear idea, adjusting punctuation and repositioning conjunctions or connectors as necessary for clarity and flow.",
    "Rewrite the sentence in clear, simple language without changing its meaning. Remove any unnecessary details like examples, explanations, or parentheses to enhance clarity.",
    "Rewrite the sentence by substituting complex, rare, or challenging words and phrases\u2014including idioms\u2014with simpler, more common ones, without changing the original meaning or sentence structure."
]
2025-11-30 21:56 - INFO - instruction 5: [
    "Rewrite the complex sentence into one or more simpler sentences that maintain the original meaning using clear, straightforward language. Separate distinct ideas for clarity and simplify or clarify compound terms if needed, allowing minor changes only if they do not alter the core information.",
    "Simplify the complex sentence by using common words, shorter phrases, and clearer structure without changing its meaning. Consistently use numerals for numbers, replace difficult or specialized terms with simpler ones, and improve clarity by adjusting sentence voice and grammar, such as switching from passive to active voice when helpful.",
    "Rewrite the given sentence using easy-to-understand words and simpler structure, keeping all key information and the original meaning intact. Ensure accuracy by including all important facts unless told to omit them."
]
2025-11-30 21:56 - INFO - instruction 6: [
    "Paraphrase the sentence to make it clearer and easier to understand without changing its meaning. Use simpler words and sentence structures, and feel free to change the sentence voice if it helps improve clarity.",
    "Rewrite the complex sentence into one or more clear and concise sentences, ensuring all original details\u2014including numerical and factual information\u2014are fully preserved. Keep the original meaning intact without adding, omitting, or changing any content.",
    "Rewrite the sentence using simpler words but keep all original proper nouns and key terms intact, making sure the meaning stays accurate and contextually correct without changing any historical, factual, or sensitive details."
]
2025-11-30 21:56 - INFO - instruction 7: [
    "Rewrite the sentence using simpler and clearer language, making complex expressions\u2014like parenthetical details, compound adjectives, or descriptive phrases\u2014easier to understand while keeping the original meaning intact. Ensure the sentence remains accurate, natural, and free of new information or changes to the intended message.",
    "Rewrite the complex sentence into two or more simpler sentences that preserve the original meaning and logical connections. Maintain consistent verb tenses and clear pronoun references to prevent ambiguity, using straightforward language to enhance readability without changing the intended message.",
    "Rewrite the sentence with simpler, more familiar words to make it clearer while keeping the original meaning. You may make small changes to wording and structure to improve understanding, but do not add, remove, or alter the main message."
]
2025-11-30 21:56 - INFO - permuted instructions pool: 
2025-11-30 21:56 - INFO - instruction 0: [
    "Rewrite the sentence using clear and straightforward language while preserving its original meaning. Simplify vocabulary and sentence structure, and remove any non-essential details such as examples, clarifications, or parenthetical information to improve readability.",
    "Rewrite one or more complex sentences by dividing them into multiple shorter sentences that retain the original meaning. Ensure each resulting sentence expresses a single clear idea, adjust punctuation as needed, and appropriately rephrase or reposition conjunctions and connectors to maintain coherence and readability.",
    "Simplify the given sentence by replacing complex, uncommon, or difficult words and expressions\u2014including idiomatic phrases\u2014with simpler, more familiar alternatives, while preserving the original meaning and keeping the sentence structure intact."
]
2025-11-30 21:56 - INFO - instruction 1: [
    "Rewrite the given sentence using simpler vocabulary and sentence structure while preserving all essential information and the original meaning. Maintain accuracy by retaining important factual details unless explicitly instructed otherwise.",
    "Rewrite the given complex sentence into one or more simpler sentences that preserve the original meaning using clear and straightforward language. When appropriate, separate distinct concepts or ideas to enhance readability. If compound names or combined elements are unclear or overly detailed, you may clarify or simplify them while maintaining the core information. Minor omissions or rephrasings are allowed only if they do not change the original meaning.",
    "Rewrite the complex sentence into a simpler version by using common vocabulary, shorter phrases, and a clearer sentence structure while preserving the original meaning. Use numerals consistently to represent numbers. When appropriate, replace less familiar or specialized terms with easier-to-understand alternatives. Additionally, consider revising sentence voice and grammatical constructions to enhance clarity, such as changing passive voice to active voice when it improves readability."
]
2025-11-30 21:56 - INFO - instruction 2: [
    "Rewrite the given sentence using simpler vocabulary while preserving all original proper nouns and key terms, ensuring that the meaning remains accurate and contextually appropriate without altering historical, factual, or sensitive information.",
    "Rewrite the given complex sentence into one or more clear and concise sentences by breaking down the information while preserving all original details, including numerical and factual accuracy. Maintain the original meaning without adding, omitting, or altering any information.",
    "Rewrite the sentence to improve clarity and ease of understanding while preserving its original meaning. Use simpler vocabulary and sentence structures, and you may adjust the sentence voice (active or passive) if it contributes to making the sentence clearer and more accessible."
]
2025-11-30 21:56 - INFO - instruction 3: [
    "Rewrite the given complex sentence into two or more simpler sentences that maintain the original meaning and logical relationships. Ensure that verb tenses remain consistent and that pronoun references or other expressions clearly and accurately reflect their antecedents to avoid ambiguity. Use clear and straightforward language to improve readability without altering the intended message.",
    "Rewrite the given sentence to use simpler and clearer language while preserving its original meaning. When simplifying, clarify or rephrase complex expressions, including parenthetical information, compound adjectives, and descriptive phrases such as colors or materials, ensuring the sentence remains accurate and natural without introducing new ideas or altering the intended message.",
    "Rewrite the sentence using simpler, more common words to improve clarity while retaining the original meaning. Minor adjustments to wording and structure are allowed when they help make the sentence easier to understand, but do not add, omit, or change the sentence\u2019s core message."
]
2025-11-30 21:57 - INFO - 
iter_no = 01, valid_scores = [50.743443446370115, 50.68779009744046, 50.56323696918571, 50.50192864906332, 50.13821175102652, 50.03748431570043, 50.03058585333854, 49.97236149543341, 49.969577373073356, 49.88821961899121, 49.88449343551587, 49.6619341825014, 49.65726548844182, 49.65155927482308, 49.633794113034746, 49.627203208591034, 49.5612272496968, 49.16720051563607, 46.848105715523566]
2025-11-30 21:57 - INFO - --------------------------------------------------------------------------------
2025-11-30 21:57 - INFO - init_valid_score = 50.49
2025-11-30 21:57 - INFO - best_valid_score = 50.74 [ *** BEST *** ]
2025-11-30 21:57 - INFO - --------------------------------------------------------------------------------
2025-11-30 21:57 - INFO - best_instructions = [
    "Rewrite one or more complex sentences by dividing them into multiple shorter sentences that retain the original meaning. Ensure each resulting sentence expresses a single clear idea, adjust punctuation as needed, and appropriately rephrase or reposition conjunctions and connectors to maintain coherence and readability.",
    "Rewrite the sentence using clear and straightforward language while preserving its original meaning. Simplify vocabulary and sentence structure, and remove any non-essential details such as examples, clarifications, or parenthetical information to improve readability.",
    "Simplify the given sentence by replacing complex, uncommon, or difficult words and expressions\u2014including idiomatic phrases\u2014with simpler, more familiar alternatives, while preserving the original meaning and keeping the sentence structure intact."
]
2025-11-30 21:57 - INFO - --------------------------------------------------------------------------------
2025-11-30 21:58 - INFO - improved instructions pool: 
2025-11-30 21:58 - INFO - instruction 0: [
    "Rewrite the given sentence to use simpler and clearer language while preserving its original meaning. When simplifying, clarify or rephrase complex expressions, including parenthetical information, compound adjectives, and descriptive phrases such as colors or materials, ensuring the sentence remains accurate and natural without introducing new ideas or altering the intended message.",
    "Rewrite the given complex sentence into two or more simpler sentences that maintain the original meaning and logical relationships. Ensure that verb tenses remain consistent and that pronoun references or other expressions clearly and accurately reflect their antecedents to avoid ambiguity. Use clear and straightforward language to improve readability without altering the intended message.",
    "Rewrite the sentence using simpler, more common words to improve clarity while retaining the original meaning. Minor adjustments to wording and structure are allowed when they help make the sentence easier to understand, but do not add, omit, or change the sentence\u2019s core message.",
    "Generate simplified sentences that match the original sentence\u2019s wording and phrasing as closely as possible, using only simple and common words without adding, omitting, or changing content. When splitting sentences, ensure each part corresponds exactly in length and detail to the original structure to preserve all nuances precisely.",
    "Match the sentence structure, word choice, and phrasing of the original example as closely as possible, using only simple and common words without adding or removing content. When splitting complex sentences, ensure the parts correspond exactly to the given model in length and detail, preserving all nuances precisely."
]
2025-11-30 21:58 - INFO - instruction 1: [
    "Rewrite the given complex sentence into two or more simpler sentences that maintain the original meaning and logical relationships. Ensure that verb tenses remain consistent and that pronoun references or other expressions clearly and accurately reflect their antecedents to avoid ambiguity. Use clear and straightforward language to improve readability without altering the intended message.",
    "When simplifying, keep the original sentence's structure and wording as close as possible, making changes only to clarify or split sentences without replacing words or adding new expressions. Preserve key phrases and wording exactly as in the original unless clarification is required for readability.",
    "Rewrite the given sentence to use simpler and clearer language while preserving its original meaning. When simplifying, clarify or rephrase complex expressions, including parenthetical information, compound adjectives, and descriptive phrases such as colors or materials, ensuring the sentence remains accurate and natural without introducing new ideas or altering the intended message.",
    "Rewrite the sentence using simpler, more common words to improve clarity while retaining the original meaning. Minor adjustments to wording and structure are allowed when they help make the sentence easier to understand, but do not add, omit, or change the sentence\u2019s core message."
]
2025-11-30 21:58 - INFO - instruction 2: [
    "Divide one or more complex sentences into multiple shorter sentences that preserve the original meaning. Ensure each new sentence conveys a single clear idea, adjusting punctuation and repositioning conjunctions or connectors as necessary for clarity and flow.",
    "Use simpler, more natural phrasing that closely follows common speech or writing style, ensuring active voice and concise sentence structure. When dividing sentences, keep related information together to preserve logical flow and avoid unnecessary repetition or separation of subjects and actions.",
    "Rewrite the sentence in clear, simple language without changing its meaning. Remove any unnecessary details like examples, explanations, or parentheses to enhance clarity.",
    "Rewrite the sentence by substituting complex, rare, or challenging words and phrases\u2014including idioms\u2014with simpler, more common ones, without changing the original meaning or sentence structure."
]
2025-11-30 21:58 - INFO - rephrased instructions pool: 
2025-11-30 21:58 - INFO - instruction 0: [
    "Break down one or more complex sentences into several shorter sentences that preserve the original meaning. Make sure each new sentence conveys a single clear idea, adjusting punctuation and rephrasing or repositioning conjunctions and connectors as needed for clarity and flow.",
    "Rewrite the sentence in clear, simple language without changing its meaning. Remove any extra details like examples or clarifications to make it easier to read.",
    "Rewrite the sentence by substituting complex or uncommon words and idiomatic expressions with simpler, more familiar ones, ensuring the original meaning and sentence structure remain unchanged."
]
2025-11-30 21:58 - INFO - instruction 1: [
    "Rewrite the sentence using clear and simple language, making complex expressions\u2014including parentheses, compound adjectives, and descriptive phrases like colors or materials\u2014easier to understand while keeping the original meaning intact and natural. Ensure no new ideas are added or the intended message changed.",
    "Rewrite the given complex sentence into two or more simpler sentences that maintain the original meaning and logical relationships. Ensure that verb tenses remain consistent and that pronoun references or other expressions clearly and accurately reflect their antecedents to avoid ambiguity. Use clear and straightforward language to improve readability without altering the intended message.",
    "Rewrite the sentence using simpler, more familiar words to make it clearer, while keeping the original meaning. Small changes to wording and structure are permitted if they improve understanding, but do not add, remove, or alter the main idea.",
    "Replicate the sentence structure, vocabulary, and phrasing of the original example as closely as possible, using only simple, common words without changing the content. When dividing complex sentences, keep each part exactly the same length and detail as in the original, preserving every nuance precisely."
]
2025-11-30 21:58 - INFO - instruction 2: [
    "Convert the complex sentence into two or more simpler sentences that preserve the original meaning and logical connections, keeping verb tenses consistent. Use clear language and ensure pronouns or other references clearly point to their antecedents to prevent ambiguity and enhance readability.",
    "Rewrite the sentence using clearer and simpler language while keeping its original meaning intact. Simplify or rephrase complex parts\u2014including parenthetical details, compound adjectives, and descriptive phrases like colors or materials\u2014ensuring accuracy and natural flow without adding new information.",
    "Rewrite the sentence with simpler, more common words to make it clearer, keeping the original meaning intact. You may make small changes to wording and structure if they improve understanding, but do not add, remove, or alter the main message."
]
2025-11-30 21:58 - INFO - instruction 3: [
    "Break down complex sentences into several shorter ones that maintain the original meaning. Make sure each sentence expresses a single clear idea, modifying punctuation and moving conjunctions or connectors as needed for clarity and smoothness.",
    "Rewrite the sentence using clear and simple language, maintaining its original meaning. Eliminate any extra details such as examples, explanations, or parentheses for better clarity.",
    "Rewrite the sentence by replacing difficult, uncommon, or figurative words and expressions with simpler, more familiar ones, while preserving the original meaning and sentence structure."
]
2025-11-30 21:58 - INFO - instruction 4: [
    "Divide complex sentence(s) into multiple shorter sentences that preserve the original meaning, ensuring each new sentence conveys a single clear idea. Adjust punctuation, and rephrase or reposition conjunctions and connectors as needed to maintain clarity and coherence.",
    "Rewrite the sentence in simple, clear language without changing its meaning. Remove any extra details like examples or explanations to make it easier to read.",
    "Rewrite the given sentence using simpler, more common words and expressions\u2014including replacing idioms\u2014without changing its meaning or sentence structure. Ensure the original message remains clear and intact."
]
2025-11-30 21:58 - INFO - instruction 5: [
    "Rewrite the sentence using simpler and clearer language while keeping its original meaning intact. Simplify or rephrase any complex parts\u2014including parentheses, compound adjectives, and descriptive phrases like colors or materials\u2014ensuring the result is accurate, natural, and unchanged in intent.",
    "Break down the provided complex sentence into two or more simpler sentences that preserve the original meaning and logical connections. Maintain consistent verb tenses and clear pronoun references to prevent ambiguity, using straightforward language to enhance readability without changing the message.",
    "Rewrite the sentence using simpler, more familiar words to make it clearer without changing its original meaning. Small changes to wording and structure are allowed if they help improve understanding, but do not add, remove, or alter the main idea.",
    "Match the sentence structure, word choice, and phrasing of the original example as closely as possible, using only simple and common words without adding or removing content. When splitting complex sentences, ensure the parts correspond exactly to the given model in length and detail, preserving all nuances precisely."
]
2025-11-30 21:58 - INFO - instruction 6: [
    "Rewrite the complex sentence into two or more simpler sentences that preserve the original meaning and logical connections. Maintain consistent verb tenses and clear pronoun references to prevent ambiguity, using straightforward language to enhance readability without changing the intended message.",
    "Rewrite the sentence using simpler and clearer language while keeping its original meaning intact. Simplify or rephrase complex parts\u2014including parentheses, compound adjectives, and descriptive phrases like colors or materials\u2014without adding new information or changing the message.",
    "Rewrite the sentence using simpler, more familiar words to make it clearer, while keeping its original meaning. Small changes to wording and structure are allowed if they improve understanding, but do not alter, remove, or add to the main message."
]
2025-11-30 21:58 - INFO - instruction 7: [
    "Break down complex sentences into several shorter ones that maintain the original meaning. Make sure each sentence expresses a single clear idea, revising punctuation and moving conjunctions or connectors as needed for clarity and smoothness.",
    "Rewrite the sentence using clear and simple language, preserving its original meaning. Eliminate any extra details such as examples, explanations, or parentheses to improve clarity.",
    "Rewrite the sentence by replacing difficult or uncommon words and expressions, including idioms, with simpler, more familiar ones, while preserving the original meaning and sentence structure."
]
2025-11-30 21:58 - INFO - permuted instructions pool: 
2025-11-30 21:58 - INFO - instruction 0: [
    "Rewrite the sentence using clear and straightforward language while preserving its original meaning. Simplify vocabulary and sentence structure, and remove any non-essential details such as examples, clarifications, or parenthetical information to improve readability.",
    "Simplify the given sentence by replacing complex, uncommon, or difficult words and expressions\u2014including idiomatic phrases\u2014with simpler, more familiar alternatives, while preserving the original meaning and keeping the sentence structure intact.",
    "Rewrite one or more complex sentences by dividing them into multiple shorter sentences that retain the original meaning. Ensure each resulting sentence expresses a single clear idea, adjust punctuation as needed, and appropriately rephrase or reposition conjunctions and connectors to maintain coherence and readability."
]
2025-11-30 21:58 - INFO - instruction 1: [
    "Rewrite the given sentence to use simpler and clearer language while preserving its original meaning. When simplifying, clarify or rephrase complex expressions, including parenthetical information, compound adjectives, and descriptive phrases such as colors or materials, ensuring the sentence remains accurate and natural without introducing new ideas or altering the intended message.",
    "Match the sentence structure, word choice, and phrasing of the original example as closely as possible, using only simple and common words without adding or removing content. When splitting complex sentences, ensure the parts correspond exactly to the given model in length and detail, preserving all nuances precisely.",
    "Rewrite the given complex sentence into two or more simpler sentences that maintain the original meaning and logical relationships. Ensure that verb tenses remain consistent and that pronoun references or other expressions clearly and accurately reflect their antecedents to avoid ambiguity. Use clear and straightforward language to improve readability without altering the intended message.",
    "Rewrite the sentence using simpler, more common words to improve clarity while retaining the original meaning. Minor adjustments to wording and structure are allowed when they help make the sentence easier to understand, but do not add, omit, or change the sentence\u2019s core message."
]
2025-11-30 21:58 - INFO - instruction 2: [
    "Rewrite the given sentence to use simpler and clearer language while preserving its original meaning. When simplifying, clarify or rephrase complex expressions, including parenthetical information, compound adjectives, and descriptive phrases such as colors or materials, ensuring the sentence remains accurate and natural without introducing new ideas or altering the intended message.",
    "Rewrite the sentence using simpler, more common words to improve clarity while retaining the original meaning. Minor adjustments to wording and structure are allowed when they help make the sentence easier to understand, but do not add, omit, or change the sentence\u2019s core message.",
    "Rewrite the given complex sentence into two or more simpler sentences that maintain the original meaning and logical relationships. Ensure that verb tenses remain consistent and that pronoun references or other expressions clearly and accurately reflect their antecedents to avoid ambiguity. Use clear and straightforward language to improve readability without altering the intended message."
]
2025-11-30 21:58 - INFO - instruction 3: [
    "Divide one or more complex sentences into multiple shorter sentences that preserve the original meaning. Ensure each new sentence conveys a single clear idea, adjusting punctuation and repositioning conjunctions or connectors as necessary for clarity and flow.",
    "Rewrite the sentence by substituting complex, rare, or challenging words and phrases\u2014including idioms\u2014with simpler, more common ones, without changing the original meaning or sentence structure.",
    "Rewrite the sentence in clear, simple language without changing its meaning. Remove any unnecessary details like examples, explanations, or parentheses to enhance clarity."
]
2025-11-30 22:03 - INFO - 
iter_no = 00, valid_scores = [50.181806347067116, 50.04023744289927, 49.92135295789969, 49.01933363893804]
2025-11-30 22:03 - INFO - --------------------------------------------------------------------------------
2025-11-30 22:03 - INFO - init_valid_score = 50.18
2025-11-30 22:03 - INFO - best_valid_score = 50.18 [ *** BEST *** ]
2025-11-30 22:03 - INFO - --------------------------------------------------------------------------------
2025-11-30 22:03 - INFO - best_instructions = [
    "Rewrite the given sentence into a simpler form by using clear and commonly understood vocabulary and straightforward sentence structures, while accurately preserving the original meaning, tense, modality, and grammatical correctness. Ensure the resulting sentence is fluent and natural without omitting any essential information.",
    "Rewrite the given complex sentence into one or more simple sentences that clearly and accurately convey the same information using clear and straightforward language. Ensure all original details, including quantitative and qualitative information, are fully preserved without distortion or omission.",
    "Rewrite the given sentence to improve its clarity and readability while preserving the original meaning, using techniques such as restructuring or simplifying phrasing as needed."
]
2025-11-30 22:03 - INFO - --------------------------------------------------------------------------------
2025-11-30 22:04 - INFO - improved instructions pool: 
2025-11-30 22:04 - INFO - instruction 0: [
    "Rewrite the given sentence into a simpler form by using clear and commonly understood vocabulary and straightforward sentence structures, while accurately preserving the original meaning, tense, modality, and grammatical correctness. Ensure the resulting sentence is fluent and natural without omitting any essential information.",
    "Rewrite the given complex sentence into one or more simple sentences that clearly and accurately convey the same information using clear and straightforward language. Ensure all original details, including quantitative and qualitative information, are fully preserved without distortion or omission.",
    "Rewrite the given sentence to improve its clarity and readability while preserving the original meaning, using techniques such as restructuring or simplifying phrasing as needed.",
    "Prioritize using concise and natural phrasing that closely matches typical human expression, avoiding unnecessary elaboration or extra details. When rewriting, prefer the simplest clear form that retains all key information, matching common word choices and sentence patterns commonly used in everyday language."
]
2025-11-30 22:04 - INFO - instruction 1: [
    "Simplify the given complex sentence by using clearer vocabulary and sentence structures while maintaining the original meaning, grammatical correctness, and natural fluency. Ensure that verb tenses, modal verbs, and agreement remain consistent throughout the transformation.",
    "Rewrite the given complex sentence into one or more clear and grammatically correct sentences that preserve the original meaning. Simplify the sentence structure by separating distinct ideas or details into individual statements without omitting important information or causing unnecessary fragmentation.",
    "Use more concise and natural expressions by choosing simpler synonyms and phrasing common words and numbers as in everyday language. When splitting sentences, ensure that closely related ideas remain connected and avoid over-expansion that changes the original style or adds unnecessary detail.",
    "Rewrite the given complex sentence into a simpler sentence that uses clear and straightforward language while preserving the original meaning and key information without adding, omitting, or altering factual details."
]
2025-11-30 22:04 - INFO - instruction 2: [
    "Rewrite the given complex sentence into one or more simpler sentences that preserve the original meaning, maintaining all factual and numerical details accurately, and using clear, straightforward language without altering or omitting any important information.",
    "Simplify the given complex sentence by rewriting it using clear, straightforward language while preserving the original meaning and important details, including proper nouns and key identifiers. When appropriate and consistent within the context, replace written numbers with digits. Ensure that pronouns and possessive forms are adjusted carefully to maintain accuracy and clarity without altering the intended reference or ownership.",
    "When simplifying, prioritize using concise phrasing and common expressions that match typical simplified sentence structures, accurately reflecting the core meaning with minimal or no added detail. Align sentence order and wording closely with typical human simplifications by reducing elaborations and avoiding paraphrases that alter phrasing unnecessarily.",
    "Rewrite the given sentence or passage to make it easier to understand by using clear, straightforward language and simpler sentence structures. Ensure all original information, subjects, and meanings are fully preserved. You may split or condense sentences as needed to improve clarity without adding, omitting, or altering the intended message."
]
2025-11-30 22:04 - INFO - instruction 3: [
    "Use concise and natural phrasing that matches common expression and style preferences, favoring simpler synonyms and idiomatic constructions. When splitting sentences, prefer clear breaks that align with typical usage while adjusting word choice to closely mirror standard, straightforward wording.",
    "Rewrite the given sentence to express the same main idea in a clearer and more concise form, simplifying complex structures while retaining essential meaning and relevant information. When simplifying, consider removing or rephrasing subordinate clauses, technical terms, or citations only if they are not critical to the core message.",
    "Rewrite the given sentence to improve clarity and readability by using straightforward vocabulary and structure while preserving the original meaning. Ensure that all factual information, proper nouns, and geographical names are accurate and correctly presented. Avoid introducing grammatical errors, factual inaccuracies, or changes that alter the intended meaning.",
    "Simplify complex or lengthy sentences by dividing them into shorter, clearer sentences that preserve the original meaning and context. Adjust punctuation and conjunctions as needed to ensure clarity and coherence, while maintaining the overall tone and style of the original text. Use clear and direct language to make relationships between ideas easy to understand without altering the intended message."
]
2025-11-30 22:04 - INFO - rephrased instructions pool: 
2025-11-30 22:04 - INFO - instruction 0: [
    "Rewrite the given sentence using clear, simple vocabulary and straightforward structures to maintain its original meaning, tense, modality, and grammar. Make sure the new sentence is natural, fluent, and includes all important information.",
    "Rewrite the complex sentence into one or more simple sentences that clearly and accurately express the same information using straightforward language. Make sure to retain all original details, including quantitative and qualitative data, without any loss or distortion.",
    "Revise the provided sentence to enhance clarity and readability without changing its original meaning, employing methods like rephrasing or simplifying as necessary."
]
2025-11-30 22:04 - INFO - instruction 1: [
    "Rewrite the complex sentence using simpler vocabulary and clearer sentence structures, preserving its original meaning, grammatical accuracy, and natural flow. Maintain consistent verb tenses, modal verbs, and subject-verb agreement throughout.",
    "Rewrite the complex sentence into clear, grammatically correct sentences that maintain the original meaning. Separate distinct ideas into individual statements without losing important information or creating excessive fragmentation.",
    "Rewrite the complex sentence into a clear and simple one that maintains the original meaning and key details without adding, removing, or changing any facts."
]
2025-11-30 22:04 - INFO - instruction 2: [
    "Rewrite the provided complex sentence into one or more simpler sentences that retain the original meaning and include all factual and numerical details accurately, using clear and straightforward language without changing or leaving out any key information.",
    "Rewrite the complex sentence using clear, simple language while keeping the original meaning, important details, proper nouns, and key identifiers intact. When suitable, convert written numbers to digits, and carefully adjust pronouns and possessives to preserve accuracy and clarity without changing references or ownership.",
    "Rewrite the provided sentence or passage using clear, simple language and sentence structures to improve comprehension. Keep all original information and meaning intact, and feel free to split or combine sentences as needed without changing the message."
]
2025-11-30 22:04 - INFO - instruction 3: [
    "Rewrite the sentence to convey the same main idea more clearly and concisely by simplifying complex structures, while keeping essential meaning and important details. Remove or rephrase subordinate clauses, technical terms, or citations only if they don\u2019t affect the core message.",
    "Rewrite the sentence to enhance clarity and readability using simple language and clear structure, while keeping the original meaning intact. Make sure all facts, proper nouns, and place names are accurate and avoid any grammatical or factual mistakes.",
    "Break down long or complex sentences into shorter, clearer ones that retain the original meaning and context. Modify punctuation and conjunctions as necessary to enhance clarity and coherence, using straightforward language while preserving the text\u2019s tone and style."
]
2025-11-30 22:04 - INFO - instruction 4: [
    "Rewrite the sentence using clear, common vocabulary and simple sentence structures, keeping the original meaning, tense, modality, and grammar intact. Make sure the new sentence is natural, fluent, and includes all essential information.",
    "Rewrite the provided complex sentence into one or more simple sentences that clearly and accurately express the same information using straightforward language. Make sure to retain all original details, including both quantitative and qualitative aspects, without any loss or distortion.",
    "Revise the provided sentence to enhance its clarity and readability without changing its meaning, using methods like rephrasing or simplifying where appropriate."
]
2025-11-30 22:04 - INFO - instruction 5: [
    "Rewrite the complex sentence using simpler vocabulary and structure without changing its meaning, grammatical accuracy, or natural flow. Maintain consistent verb tenses, modal verbs, and subject-verb agreement throughout.",
    "Rewrite the complex sentence into one or more clear, grammatically correct sentences that maintain the original meaning. Simplify the structure by dividing distinct ideas or details into separate statements without losing key information or over-fragmenting.",
    "Rewrite the complex sentence into a simpler one using clear and straightforward language, ensuring the original meaning and key details remain unchanged. Do not add, remove, or alter any factual information."
]
2025-11-30 22:04 - INFO - instruction 6: [
    "Rewrite the complex sentence as one or more simpler sentences that retain all original facts and numbers accurately, using clear and straightforward language without changing or leaving out important information.",
    "Rewrite the complex sentence using clear and simple language, keeping the original meaning, key details, and proper nouns intact. Convert written numbers to digits when suitable, and adjust pronouns and possessives to preserve accuracy and clarity without changing their intended reference.",
    "Rewrite the sentence or passage using clear and simple language with straightforward sentence structures to improve understanding. Keep all original information and meaning intact, and feel free to split or combine sentences for clarity without changing the message."
]
2025-11-30 22:04 - INFO - instruction 7: [
    "Paraphrase the sentence to convey the same key idea more clearly and succinctly by simplifying complex structures, but keep all essential information. Remove or reword subordinate clauses, technical terms, or citations only if they don't affect the main message.",
    "Rewrite the sentence to enhance clarity and readability using simple language and clear structure, while maintaining the original meaning. Keep all facts, proper nouns, and place names accurate without adding errors or altering the intended message.",
    "Break down complex or lengthy sentences into shorter, clearer ones that retain the original meaning and context. Modify punctuation and conjunctions as necessary to ensure clarity and coherence, maintaining the text\u2019s tone and style while using clear, direct language."
]
2025-11-30 22:04 - INFO - permuted instructions pool: 
2025-11-30 22:04 - INFO - instruction 0: [
    "Rewrite the given sentence to improve its clarity and readability while preserving the original meaning, using techniques such as restructuring or simplifying phrasing as needed.",
    "Rewrite the given sentence into a simpler form by using clear and commonly understood vocabulary and straightforward sentence structures, while accurately preserving the original meaning, tense, modality, and grammatical correctness. Ensure the resulting sentence is fluent and natural without omitting any essential information.",
    "Rewrite the given complex sentence into one or more simple sentences that clearly and accurately convey the same information using clear and straightforward language. Ensure all original details, including quantitative and qualitative information, are fully preserved without distortion or omission."
]
2025-11-30 22:04 - INFO - instruction 1: [
    "Rewrite the given complex sentence into one or more clear and grammatically correct sentences that preserve the original meaning. Simplify the sentence structure by separating distinct ideas or details into individual statements without omitting important information or causing unnecessary fragmentation.",
    "Simplify the given complex sentence by using clearer vocabulary and sentence structures while maintaining the original meaning, grammatical correctness, and natural fluency. Ensure that verb tenses, modal verbs, and agreement remain consistent throughout the transformation.",
    "Rewrite the given complex sentence into a simpler sentence that uses clear and straightforward language while preserving the original meaning and key information without adding, omitting, or altering factual details."
]
2025-11-30 22:04 - INFO - instruction 2: [
    "Simplify the given complex sentence by rewriting it using clear, straightforward language while preserving the original meaning and important details, including proper nouns and key identifiers. When appropriate and consistent within the context, replace written numbers with digits. Ensure that pronouns and possessive forms are adjusted carefully to maintain accuracy and clarity without altering the intended reference or ownership.",
    "Rewrite the given complex sentence into one or more simpler sentences that preserve the original meaning, maintaining all factual and numerical details accurately, and using clear, straightforward language without altering or omitting any important information.",
    "Rewrite the given sentence or passage to make it easier to understand by using clear, straightforward language and simpler sentence structures. Ensure all original information, subjects, and meanings are fully preserved. You may split or condense sentences as needed to improve clarity without adding, omitting, or altering the intended message."
]
2025-11-30 22:04 - INFO - instruction 3: [
    "Rewrite the given sentence to express the same main idea in a clearer and more concise form, simplifying complex structures while retaining essential meaning and relevant information. When simplifying, consider removing or rephrasing subordinate clauses, technical terms, or citations only if they are not critical to the core message.",
    "Simplify complex or lengthy sentences by dividing them into shorter, clearer sentences that preserve the original meaning and context. Adjust punctuation and conjunctions as needed to ensure clarity and coherence, while maintaining the overall tone and style of the original text. Use clear and direct language to make relationships between ideas easy to understand without altering the intended message.",
    "Rewrite the given sentence to improve clarity and readability by using straightforward vocabulary and structure while preserving the original meaning. Ensure that all factual information, proper nouns, and geographical names are accurate and correctly presented. Avoid introducing grammatical errors, factual inaccuracies, or changes that alter the intended meaning."
]
2025-11-30 22:05 - INFO - 
iter_no = 01, valid_scores = [50.57711122590833, 50.573439312764044, 50.493086893420475, 50.42362617251911, 50.238682593113914, 50.19993434280317, 50.12287539690677, 50.11629765164631, 50.063643009637964, 49.82391606901433, 49.81994047308124, 49.63802007965299, 49.45334905731276, 49.35852977327196, 49.345176293504075, 49.21778807837046, 49.043609937605616, 48.84186018259262, 48.777356257212, 48.75417089172283]
2025-11-30 22:05 - INFO - --------------------------------------------------------------------------------
2025-11-30 22:05 - INFO - init_valid_score = 50.18
2025-11-30 22:05 - INFO - best_valid_score = 50.58 [ *** BEST *** ]
2025-11-30 22:05 - INFO - --------------------------------------------------------------------------------
2025-11-30 22:05 - INFO - best_instructions = [
    "Rewrite the complex sentence using simpler vocabulary and structure without changing its meaning, grammatical accuracy, or natural flow. Maintain consistent verb tenses, modal verbs, and subject-verb agreement throughout.",
    "Rewrite the complex sentence into one or more clear, grammatically correct sentences that maintain the original meaning. Simplify the structure by dividing distinct ideas or details into separate statements without losing key information or over-fragmenting.",
    "Rewrite the complex sentence into a simpler one using clear and straightforward language, ensuring the original meaning and key details remain unchanged. Do not add, remove, or alter any factual information."
]
2025-11-30 22:05 - INFO - --------------------------------------------------------------------------------
2025-11-30 22:10 - INFO - 
iter_no = 00, valid_scores = [50.36406762085798, 50.289252364137305, 50.052677089402586, 49.62549430394771]
2025-11-30 22:10 - INFO - --------------------------------------------------------------------------------
2025-11-30 22:10 - INFO - init_valid_score = 50.36
2025-11-30 22:10 - INFO - best_valid_score = 50.36 [ *** BEST *** ]
2025-11-30 22:10 - INFO - --------------------------------------------------------------------------------
2025-11-30 22:10 - INFO - best_instructions = [
    "Simplify the given complex sentence by rewriting it into one or more clearer, more concise sentences that convey the same essential information. Use straightforward language and structure by removing unnecessary details such as parentheticals or redundant phrases, while retaining important quantitative data, units, and references unless they are irrelevant to the main meaning. Ensure that key facts and meanings are preserved without adding or altering information.",
    "Rewrite the given complex sentence into one or more simpler sentences by breaking down the information into clear, concise statements. Ensure the simplified version is easy to understand while accurately preserving all original details, including numerical data and any distinctions in meaning. Verify that no key information is omitted or altered in the process.",
    "Rewrite the given complex sentence by simplifying its language and structure. Use more common, easily understood words and phrases, and reorganize the sentence as needed to improve clarity and readability, while preserving the original meaning without adding or omitting information."
]
2025-11-30 22:10 - INFO - --------------------------------------------------------------------------------
2025-11-30 22:11 - INFO - improved instructions pool: 
2025-11-30 22:11 - INFO - instruction 0: [
    "Simplify the given complex sentence by rewriting it into one or more clearer, more concise sentences that convey the same essential information. Use straightforward language and structure by removing unnecessary details such as parentheticals or redundant phrases, while retaining important quantitative data, units, and references unless they are irrelevant to the main meaning. Ensure that key facts and meanings are preserved without adding or altering information.",
    "Rewrite the given complex sentence into one or more simpler sentences by breaking down the information into clear, concise statements. Ensure the simplified version is easy to understand while accurately preserving all original details, including numerical data and any distinctions in meaning. Verify that no key information is omitted or altered in the process.",
    "Rewrite sentences using the simplest clear expressions and commonly used terms that closely match example phrasings, especially by restructuring and condensing phrases in a natural, concise way. Prioritize replicating typical concise sentence structures and more direct word choices to minimize unnecessary wording and better align with standard simplified style.",
    "Rewrite the given complex sentence by simplifying its language and structure. Use more common, easily understood words and phrases, and reorganize the sentence as needed to improve clarity and readability, while preserving the original meaning without adding or omitting information."
]
2025-11-30 22:11 - INFO - instruction 1: [
    "Rewrite sentences using the simplest possible words and phrases while removing unnecessary details and examples. Focus on matching the original sentence's core meaning with minimal wording and straightforward, natural expressions.",
    "Rewrite the given complex sentence into one or more clear and concise sentences that preserve the original meaning and key information without adding, omitting, or altering the essential content.",
    "Rewrite the sentence to use simpler vocabulary and sentence structure while maintaining the original meaning. Replace complex words and phrases with easier alternatives, adjust pronouns and possessives as needed for clarity and naturalness, and rephrase passive or complex constructions using straightforward expressions. Convert number words to digits only when it improves readability and consistency within the context.",
    "Rewrite the given sentence to improve clarity and readability while preserving its original meaning and technical accuracy. Use straightforward language and clear sentence structure, ensuring that any numerical values, measurements, and comparative expressions are represented precisely and unambiguously."
]
2025-11-30 22:11 - INFO - instruction 2: [
    "Rewrite the given complex sentence into multiple clear and concise sentences that preserve all original information, including qualifiers, modifiers, and grouped entities. Ensure that each simplified sentence conveys a distinct piece of information without omitting or altering semantic details, and carefully separate combined or compound elements while maintaining the original meaning.",
    "When rewriting, preserve the original sentence\u2019s phrasing and word choice as closely as possible while simplifying, especially for key terms and examples. Maintain the sentence structure and combined elements unless the original sentence explicitly separates them.",
    "Rewrite the given sentence using simpler vocabulary and sentence structures while accurately preserving the original meaning, key details, and any important technical or specific terms. Avoid introducing new information or altering the sentence\u2019s intent, and ensure that the rewritten version remains clear and precise.",
    "Rewrite the given sentence using simpler vocabulary and sentence structure while maintaining the original meaning, key details, and nuance. Ensure the language is clear and accessible without altering the intended message."
]
2025-11-30 22:11 - INFO - instruction 3: [
    "Rewrite the given complex sentence into a simpler and clearer form while accurately preserving the original meaning, including all key entities and relationships, without introducing any new information or altering the sentence\u2019s intent.",
    "Rephrase sentences using simple and natural expressions that reflect everyday language, including common synonyms and slightly varied structures, while ensuring punctuation and sentence division closely match concise, clear formats. Use numeric digits for numbers in parentheses and prefer familiar terms over technical or formal words to align phrasing and style with common usage.",
    "Simplify the given complex sentence into one or more clear and concise sentences while preserving all original information and ensuring that any numerical or factual details remain accurate and unchanged.",
    "Rewrite the given sentence to improve its overall clarity and readability by simplifying vocabulary, using more common words, and applying clear and natural phrasing, including appropriate use of conjunctions and punctuation."
]
2025-11-30 22:11 - INFO - rephrased instructions pool: 
2025-11-30 22:11 - INFO - instruction 0: [
    "Rewrite the complex sentence into one or more clearer, more concise sentences using simple language and structure, removing unnecessary details like parentheticals or redundancies. Keep all essential quantitative data, units, and references relevant to the main meaning, ensuring the key facts remain unchanged.",
    "Transform the given complex sentence into one or more clear and concise sentences that retain all original details, including numbers and nuanced meanings. Make sure the simplified version is easy to understand without losing or changing any important information.",
    "Simplify the given complex sentence by using common, easy-to-understand words and clearer structure. Reorganize it as needed to enhance readability while keeping the original meaning intact without adding or leaving out any details."
]
2025-11-30 22:11 - INFO - instruction 1: [
    "Rewrite the complex sentence into one or more clear and concise sentences that retain the original meaning and key information without adding, removing, or changing essential content.",
    "Rewrite the sentence using simpler words and clearer sentence structure without changing its meaning. Replace difficult terms and complex constructions with easy alternatives, adjust pronouns for clarity, and convert number words to digits only when it enhances readability.",
    "Revise the provided sentence to enhance clarity and readability without altering its original meaning or technical accuracy. Use simple language and clear structure, accurately presenting all numerical values, measurements, and comparisons."
]
2025-11-30 22:11 - INFO - instruction 2: [
    "Transform the provided complex sentence into several clear, concise sentences that retain all original details\u2014including qualifiers, modifiers, and grouped elements. Make sure each sentence expresses a unique piece of information without changing or omitting any meaning, and separate any combined or compound parts accordingly.",
    "Rewrite the sentence using simpler words and sentence structures, keeping the original meaning, key details, and important technical terms intact. Do not add new information or change the intent, and make sure the result is clear and accurate.",
    "Rewrite the sentence using easier words and simpler structure, keeping the original meaning, important details, and tone. Make sure the language is clear and easy to understand without changing the message."
]
2025-11-30 22:11 - INFO - instruction 3: [
    "Restate the complex sentence in a simpler and clearer way, ensuring that all essential entities and relationships are kept intact without changing its meaning or adding any new details.",
    "Rewrite the complex sentence into one or more clear and concise sentences that retain all original information, including any numerical or factual details, without altering their accuracy.",
    "Rewrite the given sentence to enhance clarity and readability by using simpler, more common words and clear, natural phrasing with correct conjunctions and punctuation."
]
2025-11-30 22:11 - INFO - instruction 4: [
    "Rewrite the complex sentence into one or more clearer, more concise sentences using straightforward language and structure. Remove unnecessary details like parentheticals or redundancies but keep all essential facts, important quantitative data, units, and references without adding or changing information.",
    "Transform the complex sentence into one or more clear and concise sentences that are easy to understand, preserving all original details\u2014including numbers and nuances. Make sure no essential information is lost or changed during simplification.",
    "Rewrite the complex sentence using simpler words and clearer structure to make it easier to understand, while keeping the original meaning intact and not adding or leaving out any information."
]
2025-11-30 22:11 - INFO - instruction 5: [
    "Transform the provided complex sentence into one or more clear and concise sentences that maintain the original meaning and key details without adding, removing, or changing any essential information.",
    "Rewrite the sentence using simpler words and clearer structure while keeping the original meaning. Replace difficult terms with easier ones, adjust pronouns for clarity, simplify passive or complex parts, and convert number words to digits if it makes the sentence easier to read.",
    "Revise the provided sentence to enhance clarity and readability without changing its original meaning or technical accuracy. Use simple language and clear structure, making sure all numbers, measurements, and comparisons are accurate and easy to understand."
]
2025-11-30 22:11 - INFO - instruction 6: [
    "Transform the complex sentence into several clear and concise sentences that retain all original details, including qualifiers, modifiers, and grouped elements. Make sure each sentence expresses a separate idea without losing or changing any meaning, carefully splitting combined or compound parts as needed.",
    "Rewrite the provided sentence using simpler words and sentence structures without changing its original meaning, important details, or technical terms. Make sure the new version is clear, accurate, and does not add or alter any information.",
    "Rewrite the sentence using simpler words and sentence structure, keeping the original meaning and important details clear. Make sure the message stays the same and is easy to understand."
]
2025-11-30 22:11 - INFO - instruction 7: [
    "Paraphrase the complex sentence into a clearer and simpler version that fully retains the original meaning, including all important entities and relationships, without adding or changing any information.",
    "Rewrite the complex sentence into one or more clear and concise sentences, maintaining all original information and keeping any numerical or factual details accurate and intact.",
    "Revise the provided sentence to enhance clarity and readability by replacing complex words with simpler ones and using natural phrasing, along with correct punctuation and conjunctions. Ensure the sentence is easy to understand and flows smoothly."
]
2025-11-30 22:11 - INFO - permuted instructions pool: 
2025-11-30 22:11 - INFO - instruction 0: [
    "Rewrite the given complex sentence into one or more simpler sentences by breaking down the information into clear, concise statements. Ensure the simplified version is easy to understand while accurately preserving all original details, including numerical data and any distinctions in meaning. Verify that no key information is omitted or altered in the process.",
    "Rewrite the given complex sentence by simplifying its language and structure. Use more common, easily understood words and phrases, and reorganize the sentence as needed to improve clarity and readability, while preserving the original meaning without adding or omitting information.",
    "Simplify the given complex sentence by rewriting it into one or more clearer, more concise sentences that convey the same essential information. Use straightforward language and structure by removing unnecessary details such as parentheticals or redundant phrases, while retaining important quantitative data, units, and references unless they are irrelevant to the main meaning. Ensure that key facts and meanings are preserved without adding or altering information."
]
2025-11-30 22:11 - INFO - instruction 1: [
    "Rewrite the given complex sentence into one or more clear and concise sentences that preserve the original meaning and key information without adding, omitting, or altering the essential content.",
    "Rewrite the given sentence to improve clarity and readability while preserving its original meaning and technical accuracy. Use straightforward language and clear sentence structure, ensuring that any numerical values, measurements, and comparative expressions are represented precisely and unambiguously.",
    "Rewrite the sentence to use simpler vocabulary and sentence structure while maintaining the original meaning. Replace complex words and phrases with easier alternatives, adjust pronouns and possessives as needed for clarity and naturalness, and rephrase passive or complex constructions using straightforward expressions. Convert number words to digits only when it improves readability and consistency within the context."
]
2025-11-30 22:11 - INFO - instruction 2: [
    "Rewrite the given sentence using simpler vocabulary and sentence structure while maintaining the original meaning, key details, and nuance. Ensure the language is clear and accessible without altering the intended message.",
    "Rewrite the given sentence using simpler vocabulary and sentence structures while accurately preserving the original meaning, key details, and any important technical or specific terms. Avoid introducing new information or altering the sentence\u2019s intent, and ensure that the rewritten version remains clear and precise.",
    "Rewrite the given complex sentence into multiple clear and concise sentences that preserve all original information, including qualifiers, modifiers, and grouped entities. Ensure that each simplified sentence conveys a distinct piece of information without omitting or altering semantic details, and carefully separate combined or compound elements while maintaining the original meaning."
]
2025-11-30 22:11 - INFO - instruction 3: [
    "Simplify the given complex sentence into one or more clear and concise sentences while preserving all original information and ensuring that any numerical or factual details remain accurate and unchanged.",
    "Rewrite the given sentence to improve its overall clarity and readability by simplifying vocabulary, using more common words, and applying clear and natural phrasing, including appropriate use of conjunctions and punctuation.",
    "Rewrite the given complex sentence into a simpler and clearer form while accurately preserving the original meaning, including all key entities and relationships, without introducing any new information or altering the sentence\u2019s intent."
]
2025-11-30 22:12 - INFO - 
iter_no = 01, valid_scores = [50.39841937313653, 50.3515689548903, 50.33805329429176, 50.32184879550463, 50.25125541557776, 50.20026033274265, 50.18114946173597, 50.09789053212078, 50.083535895235535, 50.05797969767613, 49.946683213301206, 49.93556368861152, 49.83189993281272, 49.61609369519376, 49.506166077891635, 49.35369454053919, 49.33648070565105, 47.95798048000395, 47.535367781775214, 46.783007954775485]
2025-11-30 22:12 - INFO - --------------------------------------------------------------------------------
2025-11-30 22:12 - INFO - init_valid_score = 50.36
2025-11-30 22:12 - INFO - best_valid_score = 50.40 [ *** BEST *** ]
2025-11-30 22:12 - INFO - --------------------------------------------------------------------------------
2025-11-30 22:12 - INFO - best_instructions = [
    "Transform the provided complex sentence into one or more clear and concise sentences that maintain the original meaning and key details without adding, removing, or changing any essential information.",
    "Rewrite the sentence using simpler words and clearer structure while keeping the original meaning. Replace difficult terms with easier ones, adjust pronouns for clarity, simplify passive or complex parts, and convert number words to digits if it makes the sentence easier to read.",
    "Revise the provided sentence to enhance clarity and readability without changing its original meaning or technical accuracy. Use simple language and clear structure, making sure all numbers, measurements, and comparisons are accurate and easy to understand."
]
2025-11-30 22:12 - INFO - --------------------------------------------------------------------------------
2025-11-30 23:21 - INFO - 
iter_no = 00, valid_scores = [50.57153398890498, 50.042665915162, 49.79162124318782, 48.873963551094754]
2025-11-30 23:21 - INFO - --------------------------------------------------------------------------------
2025-11-30 23:21 - INFO - init_valid_score = 50.57
2025-11-30 23:21 - INFO - best_valid_score = 50.57 [ *** BEST *** ]
2025-11-30 23:21 - INFO - --------------------------------------------------------------------------------
2025-11-30 23:21 - INFO - best_instructions = [
    "Rewrite the given complex sentence into a simpler version that conveys the same information clearly and concisely, using easier vocabulary and sentence structure.",
    "Rewrite the complex sentence into two simpler sentences that preserve the original meaning. Separate distinct pieces of information so that each sentence expresses a single idea clearly and straightforwardly.",
    "Rewrite the given complex sentence into one or more simpler sentences that convey the same key information clearly and concisely. Focus on breaking down compound information and using straightforward language while preserving all important details."
]
2025-11-30 23:21 - INFO - --------------------------------------------------------------------------------
2025-11-30 23:21 - INFO - instructions pool after beam search, above average and generic algorithm: 
2025-11-30 23:21 - INFO - instruction 0: [
    "Rewrite the given complex sentence into a simpler version that conveys the same information clearly and concisely, using easier vocabulary and sentence structure.",
    "Rewrite the complex sentence into two simpler sentences that preserve the original meaning. Separate distinct pieces of information so that each sentence expresses a single idea clearly and straightforwardly.",
    "Rewrite the given complex sentence into one or more simpler sentences that convey the same key information clearly and concisely. Focus on breaking down compound information and using straightforward language while preserving all important details."
]
2025-11-30 23:21 - INFO - instruction 1: [
    "Rewrite the given sentence using simpler vocabulary and structure while preserving the original meaning.",
    "Rewrite the given complex sentence by breaking it into two simpler sentences that clearly separate the ideas, making the information easier to understand.",
    "Rewrite the given complex sentence into a simpler form while preserving the original meaning and important details. Use clearer and more straightforward language, maintaining grammatical correctness."
]
2025-11-30 23:21 - INFO - best_valid_score = 50.57 
2025-11-30 23:21 - INFO - --------------------------------------------------------------------------------
2025-11-30 23:21 - INFO - best_instructions = [
    "Rewrite the given complex sentence into a simpler version that conveys the same information clearly and concisely, using easier vocabulary and sentence structure.",
    "Rewrite the complex sentence into two simpler sentences that preserve the original meaning. Separate distinct pieces of information so that each sentence expresses a single idea clearly and straightforwardly.",
    "Rewrite the given complex sentence into one or more simpler sentences that convey the same key information clearly and concisely. Focus on breaking down compound information and using straightforward language while preserving all important details."
]
2025-11-30 23:21 - INFO - --------------------------------------------------------------------------------
2025-11-30 23:21 - INFO - improved instructions pool: 
2025-11-30 23:21 - INFO - instruction 0: [
    "Rewrite the given complex sentence into a simpler version that conveys the same information clearly and concisely, using easier vocabulary and sentence structure.",
    "The simplified sentences must preserve the original sentence\u2019s exact meaning without adding, omitting, or rephrasing details unnecessarily, and should maintain the same core vocabulary and word order where possible. Avoid splitting or expanding information beyond what is strictly needed to simplify the sentence clearly and concisely.",
    "Rewrite the complex sentence into two simpler sentences that preserve the original meaning. Separate distinct pieces of information so that each sentence expresses a single idea clearly and straightforwardly.",
    "Rewrite the given complex sentence into one or more simpler sentences that convey the same key information clearly and concisely. Focus on breaking down compound information and using straightforward language while preserving all important details."
]
2025-11-30 23:21 - INFO - rephrased instructions pool: 
2025-11-30 23:21 - INFO - instruction 0: [
    "Simplify the provided complex sentence by expressing the same information clearly and briefly with easier words and simpler sentence structure.",
    "Divide the complex sentence into two clear, simple sentences that maintain the original meaning. Ensure each sentence conveys one distinct idea clearly and directly.",
    "Transform the complex sentence into one or more clearer and simpler sentences that maintain all essential information. Emphasize breaking down compound ideas and using plain language for clarity."
]
2025-11-30 23:21 - INFO - instruction 1: [
    "Rewrite the sentence using easier words and simpler sentences without changing its meaning.",
    "Rewrite the complex sentence as two simpler sentences that distinctly separate the ideas to improve clarity. Ensure the information is easier to understand.",
    "Simplify the given complex sentence without changing its original meaning or key details. Ensure the language is clear, straightforward, and grammatically correct."
]
2025-11-30 23:21 - INFO - instruction 2: [
    "Simplify the provided complex sentence by rewriting it with clearer, more straightforward language while maintaining the original meaning. Use easier vocabulary and simpler sentence structure.",
    "Divide the complex sentence into two simpler sentences that maintain the original meaning. Ensure each sentence conveys one clear and distinct idea.",
    "Transform the complex sentence into one or more simpler sentences that clearly and concisely express the same essential information. Ensure all important details are retained by breaking down compound ideas and using straightforward language."
]
2025-11-30 23:21 - INFO - instruction 3: [
    "Rewrite the sentence using easier words and simpler grammar without changing its meaning.",
    "Rewrite the complex sentence as two simpler sentences that distinctly separate the ideas for better clarity and understanding.",
    "Rewrite the complex sentence into a simpler, clearer form that retains the original meaning and key details, ensuring grammatical accuracy."
]
2025-11-30 23:21 - INFO - permuted instructions pool: 
2025-11-30 23:21 - INFO - instruction 0: [
    "Rewrite the given complex sentence into a simpler version that conveys the same information clearly and concisely, using easier vocabulary and sentence structure.",
    "Rewrite the given complex sentence into one or more simpler sentences that convey the same key information clearly and concisely. Focus on breaking down compound information and using straightforward language while preserving all important details.",
    "Rewrite the complex sentence into two simpler sentences that preserve the original meaning. Separate distinct pieces of information so that each sentence expresses a single idea clearly and straightforwardly."
]
2025-11-30 23:21 - INFO - instruction 1: [
    "Rewrite the given complex sentence by breaking it into two simpler sentences that clearly separate the ideas, making the information easier to understand.",
    "Rewrite the given sentence using simpler vocabulary and structure while preserving the original meaning.",
    "Rewrite the given complex sentence into a simpler form while preserving the original meaning and important details. Use clearer and more straightforward language, maintaining grammatical correctness."
]
2025-11-30 23:22 - INFO - 
iter_no = 01, valid_scores = [50.85419671322958, 50.54105058063499, 50.467347001806935, 50.412915499279386, 50.14807974823895, 50.10900881110231, 49.9703195029065, 49.58235864459923, 46.24144710540883]
2025-11-30 23:22 - INFO - --------------------------------------------------------------------------------
2025-11-30 23:22 - INFO - init_valid_score = 50.57
2025-11-30 23:22 - INFO - best_valid_score = 50.85 [ *** BEST *** ]
2025-11-30 23:22 - INFO - --------------------------------------------------------------------------------
2025-11-30 23:22 - INFO - best_instructions = [
    "Rewrite the given complex sentence into a simpler version that conveys the same information clearly and concisely, using easier vocabulary and sentence structure.",
    "Rewrite the given complex sentence into one or more simpler sentences that convey the same key information clearly and concisely. Focus on breaking down compound information and using straightforward language while preserving all important details.",
    "Rewrite the complex sentence into two simpler sentences that preserve the original meaning. Separate distinct pieces of information so that each sentence expresses a single idea clearly and straightforwardly."
]
2025-11-30 23:22 - INFO - --------------------------------------------------------------------------------
2025-11-30 23:22 - INFO - instructions pool after beam search, above average and generic algorithm: 
2025-11-30 23:22 - INFO - instruction 0: [
    "Simplify the provided complex sentence by expressing the same information clearly and briefly with easier words and simpler sentence structure.",
    "Divide the complex sentence into two clear, simple sentences that maintain the original meaning. Ensure each sentence conveys one distinct idea clearly and directly.",
    "Transform the complex sentence into one or more clearer and simpler sentences that maintain all essential information. Emphasize breaking down compound ideas and using plain language for clarity."
]
2025-11-30 23:22 - INFO - instruction 1: [
    "Rewrite the given complex sentence into a simpler version that conveys the same information clearly and concisely, using easier vocabulary and sentence structure.",
    "Rewrite the complex sentence into two simpler sentences that preserve the original meaning. Separate distinct pieces of information so that each sentence expresses a single idea clearly and straightforwardly.",
    "Rewrite the given complex sentence into one or more simpler sentences that convey the same key information clearly and concisely. Focus on breaking down compound information and using straightforward language while preserving all important details."
]
2025-11-30 23:22 - INFO - best_valid_score = 50.85 
2025-11-30 23:22 - INFO - --------------------------------------------------------------------------------
2025-11-30 23:22 - INFO - best_instructions = [
    "Rewrite the given complex sentence into a simpler version that conveys the same information clearly and concisely, using easier vocabulary and sentence structure.",
    "Rewrite the given complex sentence into one or more simpler sentences that convey the same key information clearly and concisely. Focus on breaking down compound information and using straightforward language while preserving all important details.",
    "Rewrite the complex sentence into two simpler sentences that preserve the original meaning. Separate distinct pieces of information so that each sentence expresses a single idea clearly and straightforwardly."
]
2025-11-30 23:22 - INFO - --------------------------------------------------------------------------------
2025-11-30 23:23 - INFO - improved instructions pool: 
2025-11-30 23:23 - INFO - instruction 0: [
    "Use concise and natural phrasing that closely mirrors typical, straightforward expressions of the information. Avoid adding extra details or explanations beyond what is strictly necessary to convey the original meaning.",
    "Simplify the provided complex sentence by expressing the same information clearly and briefly with easier words and simpler sentence structure.",
    "Divide the complex sentence into two clear, simple sentences that maintain the original meaning. Ensure each sentence conveys one distinct idea clearly and directly.",
    "Transform the complex sentence into one or more clearer and simpler sentences that maintain all essential information. Emphasize breaking down compound ideas and using plain language for clarity."
]
2025-11-30 23:23 - INFO - instruction 1: [
    "Use concise and precise wording that closely matches the style and terminology of standard simplified texts. Avoid adding extra details, rephrasing dates or names unnecessarily, and prefer established abbreviations or common phrases when simplifying.",
    "Rewrite the given complex sentence into a simpler version that conveys the same information clearly and concisely, using easier vocabulary and sentence structure.",
    "Rewrite the complex sentence into two simpler sentences that preserve the original meaning. Separate distinct pieces of information so that each sentence expresses a single idea clearly and straightforwardly.",
    "Rewrite the given complex sentence into one or more simpler sentences that convey the same key information clearly and concisely. Focus on breaking down compound information and using straightforward language while preserving all important details."
]
2025-11-30 23:23 - INFO - rephrased instructions pool: 
2025-11-30 23:23 - INFO - instruction 0: [
    "Rewrite the given complex sentence using simpler words and a clearer, shorter structure while keeping the original meaning. Make the information easy to understand and concise.",
    "Split the complex sentence into two straightforward sentences, each expressing a single clear idea. Make sure the original meaning is preserved in both.",
    "Rewrite the complex sentence into one or more simpler, clearer sentences that preserve all key details. Focus on separating compound ideas and using straightforward language for better understanding."
]
2025-11-30 23:23 - INFO - instruction 1: [
    "Rewrite the complex sentence into a simpler, clearer version using easier words and simpler sentence structures while keeping the original meaning.",
    "Divide the complex sentence into two clear and simple sentences that maintain the original meaning. Ensure each sentence conveys one distinct idea for clarity and ease of understanding.",
    "Rewrite the complex sentence into one or more simpler sentences that clearly and concisely communicate the same essential information. Ensure all key details are retained by breaking down compound ideas and using plain language."
]
2025-11-30 23:23 - INFO - instruction 2: [
    "Rewrite the given complex sentence using simpler words and a clearer, shorter structure while keeping the original meaning.",
    "Split the complex sentence into two straightforward sentences, each expressing a single clear idea. Make sure the original meaning is preserved in both.",
    "Rewrite the complex sentence into clearer, simpler sentences that preserve all key details. Focus on separating compound ideas and using straightforward language for better understanding."
]
2025-11-30 23:23 - INFO - instruction 3: [
    "Rewrite the complex sentence into a clearer, simpler version that uses easier words and straightforward sentence structure while preserving the original meaning.",
    "Rewrite the complex sentence as two simpler sentences that retain the original meaning. Ensure each sentence conveys a single clear and distinct idea.",
    "Rewrite the complex sentence into one or more clear and concise sentences that maintain all essential details. Simplify compound information by using straightforward language for better understanding."
]
2025-11-30 23:23 - INFO - permuted instructions pool: 
2025-11-30 23:23 - INFO - instruction 0: [
    "Transform the complex sentence into one or more clearer and simpler sentences that maintain all essential information. Emphasize breaking down compound ideas and using plain language for clarity.",
    "Simplify the provided complex sentence by expressing the same information clearly and briefly with easier words and simpler sentence structure.",
    "Divide the complex sentence into two clear, simple sentences that maintain the original meaning. Ensure each sentence conveys one distinct idea clearly and directly."
]
2025-11-30 23:23 - INFO - instruction 1: [
    "Rewrite the complex sentence into two simpler sentences that preserve the original meaning. Separate distinct pieces of information so that each sentence expresses a single idea clearly and straightforwardly.",
    "Rewrite the given complex sentence into a simpler version that conveys the same information clearly and concisely, using easier vocabulary and sentence structure.",
    "Rewrite the given complex sentence into one or more simpler sentences that convey the same key information clearly and concisely. Focus on breaking down compound information and using straightforward language while preserving all important details."
]
2025-12-01 00:18 - INFO - 
iter_no = 00, valid_scores = [49.98825953339033, 49.03158986354534, 48.973819866675534, 48.590704060273424]
2025-12-01 00:18 - INFO - --------------------------------------------------------------------------------
2025-12-01 00:18 - INFO - init_valid_score = 49.99
2025-12-01 00:18 - INFO - best_valid_score = 49.99 [ *** BEST *** ]
2025-12-01 00:18 - INFO - --------------------------------------------------------------------------------
2025-12-01 00:18 - INFO - best_instructions = [
    "Rewrite the given complex sentence into a simpler version that conveys the same meaning using clearer and more straightforward language.",
    "Rewrite the given complex sentence into a simpler form that conveys the same meaning using clearer and more straightforward language.",
    "Rewrite the given complex sentence into one or more simpler sentences that convey the same information clearly and concisely, breaking down compound ideas and using straightforward language."
]
2025-12-01 00:18 - INFO - --------------------------------------------------------------------------------
2025-12-01 00:18 - INFO - instructions pool after beam search, above average and generic algorithm: 
2025-12-01 00:18 - INFO - instruction 0: [
    "Rewrite the given complex sentence into a simpler version that conveys the same meaning using clearer and more straightforward language.",
    "Rewrite the given complex sentence into a simpler form that conveys the same meaning using clearer and more straightforward language.",
    "Rewrite the given complex sentence into one or more simpler sentences that convey the same information clearly and concisely, breaking down compound ideas and using straightforward language."
]
2025-12-01 00:18 - INFO - instruction 1: [
    "Rewrite the given complex sentence into a simpler form while preserving its original meaning and key information. Use more straightforward vocabulary and sentence structure to enhance clarity and ease of understanding.",
    "Rewrite the sentence to make it easier to understand by replacing complex or formal phrases with simpler, more common language while preserving the original meaning.",
    "Rewrite the given complex sentence into one or more simpler sentences that preserve the original meaning, using clearer and more straightforward language where possible."
]
2025-12-01 00:18 - INFO - instruction 2: [
    "Rewrite the sentence to make it easier to understand by using simpler language and shorter phrases, while keeping the original meaning.",
    "Rewrite the given complex sentence into a simpler form by using more straightforward vocabulary and sentence structure while maintaining the original meaning.",
    "Rewrite the given complex sentence into one or more simpler sentences that convey the same meaning clearly and concisely, breaking down complex structures and using straightforward language."
]
2025-12-01 00:18 - INFO - instruction 3: [
    "Rewrite the given sentence in a clearer and easier-to-understand way, breaking down complex information into simpler, shorter sentences while preserving the original meaning.",
    "Rewrite the sentence by replacing complex or less common words with simpler, more easily understood alternatives while preserving the original meaning.",
    "Rewrite the given sentence in a simpler and clearer way while preserving the original meaning."
]
2025-12-01 00:18 - INFO - best_valid_score = 49.99 
2025-12-01 00:18 - INFO - --------------------------------------------------------------------------------
2025-12-01 00:18 - INFO - best_instructions = [
    "Rewrite the given complex sentence into a simpler version that conveys the same meaning using clearer and more straightforward language.",
    "Rewrite the given complex sentence into a simpler form that conveys the same meaning using clearer and more straightforward language.",
    "Rewrite the given complex sentence into one or more simpler sentences that convey the same information clearly and concisely, breaking down compound ideas and using straightforward language."
]
2025-12-01 00:18 - INFO - --------------------------------------------------------------------------------
2025-12-01 00:18 - INFO - improved instructions pool: 
2025-12-01 00:18 - INFO - instruction 0: [
    "Use the simplest wording possible and avoid adding extra details or splitting sentences unless necessary. Match the original sentence's core meaning using as few and as direct words as possible, closely reflecting the input's structure and vocabulary.",
    "Rewrite the given complex sentence into a simpler version that conveys the same meaning using clearer and more straightforward language.",
    "Rewrite the given complex sentence into a simpler form that conveys the same meaning using clearer and more straightforward language.",
    "Rewrite the given complex sentence into one or more simpler sentences that convey the same information clearly and concisely, breaking down compound ideas and using straightforward language."
]
2025-12-01 00:18 - INFO - instruction 1: [
    "Rewrite sentences closely following the original phrasing, word order, and specific expressions used, while simplifying language and structure. Aim to mirror the example style and vocabulary precisely to reduce differences in word choice and sentence layout.",
    "Rewrite the given complex sentence into a simpler form while preserving its original meaning and key information. Use more straightforward vocabulary and sentence structure to enhance clarity and ease of understanding.",
    "Rewrite the sentence to make it easier to understand by replacing complex or formal phrases with simpler, more common language while preserving the original meaning.",
    "Rewrite the given complex sentence into one or more simpler sentences that preserve the original meaning, using clearer and more straightforward language where possible."
]
2025-12-01 00:18 - INFO - instruction 2: [
    "Match the sentence structure and word order of the original closely while simplifying language, and combine or split sentences only when it aligns with the original phrasing to keep the output concise and natural. Use common synonyms and maintain the original sentence emphasis and style instead of adding extra detail or rearranging parts unnecessarily.",
    "Rewrite the sentence to make it easier to understand by using simpler language and shorter phrases, while keeping the original meaning.",
    "Rewrite the given complex sentence into a simpler form by using more straightforward vocabulary and sentence structure while maintaining the original meaning.",
    "Rewrite the given complex sentence into one or more simpler sentences that convey the same meaning clearly and concisely, breaking down complex structures and using straightforward language."
]
2025-12-01 00:18 - INFO - instruction 3: [
    "Rewrite the given sentence in a clearer and easier-to-understand way, breaking down complex information into simpler, shorter sentences while preserving the original meaning.",
    "Match the original sentence\u2019s structure and key phrases closely, using simpler words only when necessary, and maintain the same order and specific details as in the example outputs. Avoid splitting sentences or adding extra explanations beyond what is shown in the examples.",
    "Rewrite the sentence by replacing complex or less common words with simpler, more easily understood alternatives while preserving the original meaning.",
    "Rewrite the given sentence in a simpler and clearer way while preserving the original meaning."
]
2025-12-01 00:18 - INFO - rephrased instructions pool: 
2025-12-01 00:18 - INFO - instruction 0: [
    "Simplify the provided complex sentence by expressing the same idea in clearer, more straightforward language. Rewrite it to be easier to understand while retaining the original meaning.",
    "Paraphrase the complex sentence into a simpler version that maintains the original meaning with clearer and more direct wording.",
    "Transform the complex sentence into one or more simpler sentences that clearly and concisely express the same information, separating compound ideas and using plain language."
]
2025-12-01 00:18 - INFO - instruction 1: [
    "Transform the provided complex sentence into a clearer, simpler version without changing its meaning or important details. Use easy-to-understand words and sentence structure to improve readability.",
    "Rewrite the sentence using simpler, more common words without changing its original meaning to make it easier to understand.",
    "Rewrite the complex sentence as one or more simpler sentences that maintain the original meaning, using clearer and more direct language when possible."
]
2025-12-01 00:18 - INFO - instruction 2: [
    "Rewrite the sentence using simpler words and shorter phrases to make it easier to understand, without changing its meaning.",
    "Simplify the given complex sentence by using clearer vocabulary and simpler sentence structure without changing its original meaning.",
    "Convert the provided complex sentence into one or more simpler sentences that clearly and concisely express the same idea, using straightforward language and breaking down complicated structures."
]
2025-12-01 00:18 - INFO - instruction 3: [
    "Rewrite the sentence to make it clearer and easier to understand by simplifying complex ideas into shorter, simpler sentences without changing the original meaning.",
    "Rewrite the sentence using simpler, more common words without changing its original meaning. Make the sentence easier to understand while keeping the same message.",
    "Paraphrase the given sentence to make it easier to understand without changing its meaning. Ensure the original message remains intact."
]
2025-12-01 00:18 - INFO - instruction 4: [
    "Rewrite the complex sentence provided into a clearer, simpler form that retains its original meaning. Use straightforward language to make the sentence easier to understand.",
    "Rewrite the complex sentence into a simpler version that maintains the original meaning using clear and straightforward language.",
    "Rewrite the complex sentence into one or more simpler sentences that clearly and concisely express the same information, breaking down compound ideas with plain language."
]
2025-12-01 00:18 - INFO - instruction 5: [
    "Paraphrase the complex sentence using simpler words and sentence structures without changing its original meaning or important details. Make it clearer and easier to understand.",
    "Rewrite the sentence using simpler, more common words to make it easier to understand, without changing its original meaning.",
    "Rewrite the complex sentence into one or more simpler sentences that maintain the original meaning, using clearer and more direct language whenever possible."
]
2025-12-01 00:18 - INFO - instruction 6: [
    "Rewrite the sentence using simpler words and shorter phrases to make it easier to understand, without changing its meaning.",
    "Rewrite the complex sentence using simpler words and sentence structure without changing its original meaning. Keep the content clear and easy to understand.",
    "Transform the complex sentence into one or multiple simpler sentences that clearly and concisely express the same meaning, using plain language and breaking down any complicated structures."
]
2025-12-01 00:18 - INFO - instruction 7: [
    "Rewrite the sentence to make it clearer and easier to understand by simplifying complex ideas into shorter, simpler sentences without changing the original meaning.",
    "Rewrite the sentence using simpler, more common words without changing its original meaning.",
    "Rewrite the sentence to make it clearer and easier to understand without changing its meaning."
]
2025-12-01 00:18 - INFO - permuted instructions pool: 
2025-12-01 00:18 - INFO - instruction 0: [
    "Rewrite the given complex sentence into one or more simpler sentences that convey the same information clearly and concisely, breaking down compound ideas and using straightforward language.",
    "Rewrite the given complex sentence into a simpler version that conveys the same meaning using clearer and more straightforward language.",
    "Rewrite the given complex sentence into a simpler form that conveys the same meaning using clearer and more straightforward language."
]
2025-12-01 00:18 - INFO - instruction 1: [
    "Rewrite the given complex sentence into a simpler form while preserving its original meaning and key information. Use more straightforward vocabulary and sentence structure to enhance clarity and ease of understanding.",
    "Rewrite the given complex sentence into one or more simpler sentences that preserve the original meaning, using clearer and more straightforward language where possible.",
    "Rewrite the sentence to make it easier to understand by replacing complex or formal phrases with simpler, more common language while preserving the original meaning."
]
2025-12-01 00:18 - INFO - instruction 2: [
    "Rewrite the given complex sentence into a simpler form by using more straightforward vocabulary and sentence structure while maintaining the original meaning.",
    "Rewrite the sentence to make it easier to understand by using simpler language and shorter phrases, while keeping the original meaning.",
    "Rewrite the given complex sentence into one or more simpler sentences that convey the same meaning clearly and concisely, breaking down complex structures and using straightforward language."
]
2025-12-01 00:18 - INFO - instruction 3: [
    "Rewrite the given sentence in a simpler and clearer way while preserving the original meaning.",
    "Rewrite the sentence by replacing complex or less common words with simpler, more easily understood alternatives while preserving the original meaning.",
    "Rewrite the given sentence in a clearer and easier-to-understand way, breaking down complex information into simpler, shorter sentences while preserving the original meaning."
]
2025-12-01 00:20 - INFO - 
iter_no = 01, valid_scores = [50.78198089884442, 50.20431170056787, 49.98984165586062, 49.97188204805909, 49.8735789322454, 49.66618616301616, 49.38246938495927, 49.30661918913494, 49.12423486923862, 49.09487708999651, 49.07456015821126, 48.96233982333202, 48.933229331843314, 48.67306442249259, 48.603034094219645, 48.4216646431611, 48.29837734049524, 48.25170007039292, 48.16168387879918, 47.99321401010394]
2025-12-01 00:20 - INFO - --------------------------------------------------------------------------------
2025-12-01 00:20 - INFO - init_valid_score = 49.99
2025-12-01 00:20 - INFO - best_valid_score = 50.78 [ *** BEST *** ]
2025-12-01 00:20 - INFO - --------------------------------------------------------------------------------
2025-12-01 00:20 - INFO - best_instructions = [
    "Rewrite sentences closely following the original phrasing, word order, and specific expressions used, while simplifying language and structure. Aim to mirror the example style and vocabulary precisely to reduce differences in word choice and sentence layout.",
    "Rewrite the given complex sentence into a simpler form while preserving its original meaning and key information. Use more straightforward vocabulary and sentence structure to enhance clarity and ease of understanding.",
    "Rewrite the sentence to make it easier to understand by replacing complex or formal phrases with simpler, more common language while preserving the original meaning.",
    "Rewrite the given complex sentence into one or more simpler sentences that preserve the original meaning, using clearer and more straightforward language where possible."
]
2025-12-01 00:20 - INFO - --------------------------------------------------------------------------------
2025-12-01 00:20 - INFO - instructions pool after beam search, above average and generic algorithm: 
2025-12-01 00:20 - INFO - instruction 0: [
    "Match the sentence structure and word order of the original closely while simplifying language, and combine or split sentences only when it aligns with the original phrasing to keep the output concise and natural. Use common synonyms and maintain the original sentence emphasis and style instead of adding extra detail or rearranging parts unnecessarily.",
    "Rewrite the sentence to make it easier to understand by using simpler language and shorter phrases, while keeping the original meaning.",
    "Rewrite the given complex sentence into a simpler form by using more straightforward vocabulary and sentence structure while maintaining the original meaning.",
    "Rewrite the given complex sentence into one or more simpler sentences that convey the same meaning clearly and concisely, breaking down complex structures and using straightforward language."
]
2025-12-01 00:20 - INFO - instruction 1: [
    "Rewrite sentences closely following the original phrasing, word order, and specific expressions used, while simplifying language and structure. Aim to mirror the example style and vocabulary precisely to reduce differences in word choice and sentence layout.",
    "Rewrite the given complex sentence into a simpler form while preserving its original meaning and key information. Use more straightforward vocabulary and sentence structure to enhance clarity and ease of understanding.",
    "Rewrite the sentence to make it easier to understand by replacing complex or formal phrases with simpler, more common language while preserving the original meaning.",
    "Rewrite the given complex sentence into one or more simpler sentences that preserve the original meaning, using clearer and more straightforward language where possible."
]
2025-12-01 00:20 - INFO - instruction 2: [
    "Rewrite the given sentence in a simpler and clearer way while preserving the original meaning.",
    "Rewrite the sentence by replacing complex or less common words with simpler, more easily understood alternatives while preserving the original meaning.",
    "Rewrite the given sentence in a clearer and easier-to-understand way, breaking down complex information into simpler, shorter sentences while preserving the original meaning."
]
2025-12-01 00:20 - INFO - instruction 3: [
    "Rewrite the given complex sentence into one or more simpler sentences that convey the same information clearly and concisely, breaking down compound ideas and using straightforward language.",
    "Rewrite the given complex sentence into a simpler version that conveys the same meaning using clearer and more straightforward language.",
    "Rewrite the given complex sentence into a simpler form that conveys the same meaning using clearer and more straightforward language."
]
2025-12-01 00:20 - INFO - best_valid_score = 50.78 
2025-12-01 00:20 - INFO - --------------------------------------------------------------------------------
2025-12-01 00:20 - INFO - best_instructions = [
    "Rewrite sentences closely following the original phrasing, word order, and specific expressions used, while simplifying language and structure. Aim to mirror the example style and vocabulary precisely to reduce differences in word choice and sentence layout.",
    "Rewrite the given complex sentence into a simpler form while preserving its original meaning and key information. Use more straightforward vocabulary and sentence structure to enhance clarity and ease of understanding.",
    "Rewrite the sentence to make it easier to understand by replacing complex or formal phrases with simpler, more common language while preserving the original meaning.",
    "Rewrite the given complex sentence into one or more simpler sentences that preserve the original meaning, using clearer and more straightforward language where possible."
]
2025-12-01 00:20 - INFO - --------------------------------------------------------------------------------
2025-12-01 00:21 - INFO - improved instructions pool: 
2025-12-01 00:21 - INFO - instruction 0: [
    "Match the sentence structure and word order of the original closely while simplifying language, and combine or split sentences only when it aligns with the original phrasing to keep the output concise and natural. Use common synonyms and maintain the original sentence emphasis and style instead of adding extra detail or rearranging parts unnecessarily.",
    "Rewrite the sentence to make it easier to understand by using simpler language and shorter phrases, while keeping the original meaning.",
    "Rewrite the given complex sentence into a simpler form by using more straightforward vocabulary and sentence structure while maintaining the original meaning.",
    "Rewrite the given complex sentence into one or more simpler sentences that convey the same meaning clearly and concisely, breaking down complex structures and using straightforward language.",
    "Prefer phrasing that uses passive voice when the original emphasizes the acted-upon subject and closely match exact word choices and count with common synonyms; use numerals only when the original does. Maintain closer alignment to the original sentence's order and focus on minimal rephrasing that retains formal tone and exact emphasis without added detail."
]
2025-12-01 00:21 - INFO - instruction 1: [
    "Rewrite sentences closely following the original phrasing, word order, and specific expressions used, while simplifying language and structure. Aim to mirror the example style and vocabulary precisely to reduce differences in word choice and sentence layout.",
    "Rewrite the given complex sentence into a simpler form while preserving its original meaning and key information. Use more straightforward vocabulary and sentence structure to enhance clarity and ease of understanding.",
    "Rewrite the sentence to make it easier to understand by replacing complex or formal phrases with simpler, more common language while preserving the original meaning.",
    "Rewrite the given complex sentence into one or more simpler sentences that preserve the original meaning, using clearer and more straightforward language where possible.",
    "Ensure that sentence structure, wording, and phrasing match the target style exactly by using the simplest appropriate expressions and closely following the example vocabulary and phrasing. Avoid adding details or splitting sentences unnecessarily, and prefer concise, direct renditions that align precisely with typical simplified forms."
]
2025-12-01 00:21 - INFO - instruction 2: [
    "Rewrite the given sentence in a simpler and clearer way while preserving the original meaning.",
    "Use simpler synonyms and avoid rephrasing sentence structure unless it matches the example style exactly; prefer keeping original passive or active voice and phrasing as closely as possible while simplifying complex terms. When possible, break information into shorter sentences only if it reflects the example style and wording precisely.",
    "Rewrite the sentence by replacing complex or less common words with simpler, more easily understood alternatives while preserving the original meaning.",
    "Rewrite the given sentence in a clearer and easier-to-understand way, breaking down complex information into simpler, shorter sentences while preserving the original meaning."
]
2025-12-01 00:21 - INFO - instruction 3: [
    "Rewrite the given complex sentence into one or more simpler sentences that convey the same information clearly and concisely, breaking down compound ideas and using straightforward language.",
    "Rewrite the given complex sentence into a simpler version that conveys the same meaning using clearer and more straightforward language.",
    "Use simpler and more common words, avoid unnecessary details, and mirror the exact phrasing and structure of simple expressions to convey the meaning clearly. When breaking down sentences, keep sentences concise and closely aligned with everyday language and typical phrasing.",
    "Rewrite the given complex sentence into a simpler form that conveys the same meaning using clearer and more straightforward language."
]
2025-12-01 00:21 - INFO - rephrased instructions pool: 
2025-12-01 00:21 - INFO - instruction 0: [
    "Match the sentence structure and word order of the original closely while simplifying language, and combine or split sentences only when it aligns with the original phrasing to keep the output concise and natural. Use common synonyms and maintain the original sentence emphasis and style instead of adding extra detail or rearranging parts unnecessarily.",
    "Rewrite the sentence using simpler words and shorter phrases to make it easier to understand, without changing its meaning.",
    "Simplify the given complex sentence by using clearer vocabulary and simpler sentence structure, ensuring the original meaning stays the same.",
    "Rewrite the complex sentence into one or more simpler sentences that clearly and concisely express the same meaning, using plain language and breaking down complicated structures."
]
2025-12-01 00:21 - INFO - instruction 1: [
    "Paraphrase sentences by maintaining the original phrasing, word order, and key expressions, but simplify the language and structure. Follow the example\u2019s style and vocabulary closely to minimize changes in wording and sentence arrangement.",
    "Rewrite the given complex sentence into a simpler form while preserving its original meaning and key information. Use more straightforward vocabulary and sentence structure to enhance clarity and ease of understanding.",
    "Rewrite the sentence using simpler, more everyday language to make it clearer, while keeping the original meaning intact.",
    "Rewrite the provided complex sentence into one or more simpler sentences that maintain the original meaning, using clearer and more straightforward language whenever possible."
]
2025-12-01 00:21 - INFO - instruction 2: [
    "Paraphrase the given sentence to make it clearer and easier to understand without changing its meaning.",
    "Rewrite the sentence using simpler, more common words without changing its original meaning.",
    "Rewrite the given sentence to make it clearer and easier to understand by breaking complex ideas into simpler, shorter sentences without changing the original meaning."
]
2025-12-01 00:21 - INFO - instruction 3: [
    "Rewrite the complex sentence into one or more simpler sentences that clearly and concisely express the same information, breaking apart compound ideas and using plain language.",
    "Simplify the given complex sentence into a clearer version that retains the original meaning using straightforward language.",
    "Paraphrase the complex sentence into simpler language that maintains the original meaning. Use clear and straightforward wording."
]
2025-12-01 00:21 - INFO - instruction 4: [
    "Keep the sentence structure and word order similar to the original, simplifying the language where possible. Combine or split sentences only if it fits the original phrasing, using common synonyms while preserving the original emphasis and style without adding details or changing the order unnecessarily.",
    "Rewrite the sentence using simpler words and shorter phrases to make it easier to understand, without changing its meaning.",
    "Rewrite the complex sentence using simpler words and sentence structure without changing its meaning. Keep the original message clear and easy to understand.",
    "Rewrite the given complex sentence into one or more simpler sentences that convey the same meaning clearly and concisely, breaking down complex structures and using straightforward language."
]
2025-12-01 00:21 - INFO - instruction 5: [
    "Paraphrase sentences by maintaining the original phrasing, word order, and key expressions, while simplifying the language and structure. Follow the example\u2019s style and vocabulary carefully to minimize changes in wording and sentence arrangement.",
    "Rewrite the given complex sentence into a simpler form while preserving its original meaning and key information. Use more straightforward vocabulary and sentence structure to enhance clarity and ease of understanding.",
    "Rewrite the sentence using simpler, everyday language instead of complex or formal words, keeping the original meaning intact.",
    "Rewrite the complex sentence into one or more simpler sentences that maintain the original meaning, using clearer and more straightforward language whenever possible."
]
2025-12-01 00:21 - INFO - instruction 6: [
    "Paraphrase the sentence to make it easier to understand while keeping its original meaning intact.",
    "Paraphrase the sentence by swapping difficult or uncommon words for simpler, clearer ones without changing the meaning.",
    "Rewrite the provided sentence to make it clearer and more understandable by breaking down complex ideas into simpler, shorter sentences without changing the original meaning."
]
2025-12-01 00:21 - INFO - instruction 7: [
    "Transform the provided complex sentence into one or more clear and concise sentences by simplifying compound ideas and using straightforward language. Ensure the rewritten version conveys the same information effectively.",
    "Rewrite the complex sentence into a simpler one that clearly conveys the same meaning using straightforward language.",
    "Rewrite the complex sentence using clearer, simpler language while preserving its original meaning. Ensure the new version is easy to understand."
]
2025-12-01 00:21 - INFO - permuted instructions pool: 
2025-12-01 00:21 - INFO - instruction 0: [
    "Rewrite the given complex sentence into a simpler form by using more straightforward vocabulary and sentence structure while maintaining the original meaning.",
    "Rewrite the sentence to make it easier to understand by using simpler language and shorter phrases, while keeping the original meaning.",
    "Rewrite the given complex sentence into one or more simpler sentences that convey the same meaning clearly and concisely, breaking down complex structures and using straightforward language.",
    "Match the sentence structure and word order of the original closely while simplifying language, and combine or split sentences only when it aligns with the original phrasing to keep the output concise and natural. Use common synonyms and maintain the original sentence emphasis and style instead of adding extra detail or rearranging parts unnecessarily."
]
2025-12-01 00:21 - INFO - instruction 1: [
    "Rewrite the sentence to make it easier to understand by replacing complex or formal phrases with simpler, more common language while preserving the original meaning.",
    "Rewrite sentences closely following the original phrasing, word order, and specific expressions used, while simplifying language and structure. Aim to mirror the example style and vocabulary precisely to reduce differences in word choice and sentence layout.",
    "Rewrite the given complex sentence into a simpler form while preserving its original meaning and key information. Use more straightforward vocabulary and sentence structure to enhance clarity and ease of understanding.",
    "Rewrite the given complex sentence into one or more simpler sentences that preserve the original meaning, using clearer and more straightforward language where possible."
]
2025-12-01 00:21 - INFO - instruction 2: [
    "Rewrite the given sentence in a clearer and easier-to-understand way, breaking down complex information into simpler, shorter sentences while preserving the original meaning.",
    "Rewrite the sentence by replacing complex or less common words with simpler, more easily understood alternatives while preserving the original meaning.",
    "Rewrite the given sentence in a simpler and clearer way while preserving the original meaning."
]
2025-12-01 00:21 - INFO - instruction 3: [
    "Rewrite the given complex sentence into a simpler version that conveys the same meaning using clearer and more straightforward language.",
    "Rewrite the given complex sentence into one or more simpler sentences that convey the same information clearly and concisely, breaking down compound ideas and using straightforward language.",
    "Rewrite the given complex sentence into a simpler form that conveys the same meaning using clearer and more straightforward language."
]
2025-12-01 00:31 - INFO - 
iter_no = 00, valid_scores = [50.68736575104716, 50.42330090987383, 50.31251040681951, 49.207684153786]
2025-12-01 00:31 - INFO - --------------------------------------------------------------------------------
2025-12-01 00:31 - INFO - init_valid_score = 50.69
2025-12-01 00:31 - INFO - best_valid_score = 50.69 [ *** BEST *** ]
2025-12-01 00:31 - INFO - --------------------------------------------------------------------------------
2025-12-01 00:31 - INFO - best_instructions = [
    "Rewrite the given complex sentence into one or more simpler sentences that preserve the original meaning but use clearer and more straightforward language. Ensure that information is broken down into shorter statements to enhance readability.",
    "Rewrite the given complex sentence into a simpler sentence that conveys the same meaning using clearer and more straightforward language.",
    "Rewrite the given sentence using simpler vocabulary and sentence structure while preserving the original meaning. Ensure the sentence is clear and easy to understand."
]
2025-12-01 00:31 - INFO - --------------------------------------------------------------------------------
2025-12-01 00:31 - INFO - instructions pool after beam search, above average and generic algorithm: 
2025-12-01 00:31 - INFO - instruction 0: [
    "Rewrite the given complex sentence into one or more simpler sentences that preserve the original meaning but use clearer and more straightforward language. Ensure that information is broken down into shorter statements to enhance readability.",
    "Rewrite the given complex sentence into a simpler sentence that conveys the same meaning using clearer and more straightforward language.",
    "Rewrite the given sentence using simpler vocabulary and sentence structure while preserving the original meaning. Ensure the sentence is clear and easy to understand."
]
2025-12-01 00:31 - INFO - instruction 1: [
    "Rewrite the given complex sentence into one or more simpler sentences that convey the same information clearly and separately.",
    "Rewrite the sentence to make it clearer and easier to understand by using a more direct and complete statement.",
    "Rewrite the given sentence to make it easier to understand by using simpler words and clearer descriptions, while preserving the original meaning."
]
2025-12-01 00:31 - INFO - instruction 2: [
    "Rewrite the given complex sentence into simpler, clearer sentences by breaking down the information into smaller parts while preserving the original meaning.",
    "Rewrite the given sentence using simpler language and structure while preserving the main idea.",
    "Rewrite the given complex sentence into a simpler form by using more common words and simpler sentence structures while preserving the original meaning."
]
2025-12-01 00:31 - INFO - instruction 3: [
    "Rewrite the sentence using simpler vocabulary and structure while keeping the original meaning intact.",
    "Rewrite the sentence using simpler or more common words without changing its meaning.",
    "Rewrite the given complex sentence as two or more shorter, simpler sentences that convey the same information clearly and separately."
]
2025-12-01 00:31 - INFO - best_valid_score = 50.69 
2025-12-01 00:31 - INFO - --------------------------------------------------------------------------------
2025-12-01 00:31 - INFO - best_instructions = [
    "Rewrite the given complex sentence into one or more simpler sentences that preserve the original meaning but use clearer and more straightforward language. Ensure that information is broken down into shorter statements to enhance readability.",
    "Rewrite the given complex sentence into a simpler sentence that conveys the same meaning using clearer and more straightforward language.",
    "Rewrite the given sentence using simpler vocabulary and sentence structure while preserving the original meaning. Ensure the sentence is clear and easy to understand."
]
2025-12-01 00:31 - INFO - --------------------------------------------------------------------------------
2025-12-01 00:32 - INFO - improved instructions pool: 
2025-12-01 00:32 - INFO - instruction 0: [
    "Rewrite the given complex sentence into one or more simpler sentences that convey the same information clearly and separately.",
    "When simplifying, retain the original wording and key phrases as much as possible without adding or omitting information. Ensure the output matches the sentence structure and word choice closely to the input while improving clarity and simplicity.",
    "Rewrite the sentence to make it clearer and easier to understand by using a more direct and complete statement.",
    "Rewrite the given sentence to make it easier to understand by using simpler words and clearer descriptions, while preserving the original meaning."
]
2025-12-01 00:32 - INFO - instruction 1: [
    "Use expressions and word choices exactly as shown in simple examples, avoiding additional details or expansions. Match sentence structures and phrasing closely to maintain minimal differences with ideal simplified forms.",
    "Rewrite the given complex sentence into simpler, clearer sentences by breaking down the information into smaller parts while preserving the original meaning.",
    "Rewrite the given sentence using simpler language and structure while preserving the main idea.",
    "Rewrite the given complex sentence into a simpler form by using more common words and simpler sentence structures while preserving the original meaning."
]
2025-12-01 00:32 - INFO - instruction 2: [
    "Favor using concise phrasing with simpler synonyms and avoid adding extra sentences or repeating information. Preserve sentence structure and key vocabulary as closely as possible while simplifying words.",
    "Rewrite the sentence using simpler vocabulary and structure while keeping the original meaning intact.",
    "Rewrite the sentence using simpler or more common words without changing its meaning.",
    "Rewrite the given complex sentence as two or more shorter, simpler sentences that convey the same information clearly and separately."
]
2025-12-01 00:32 - INFO - rephrased instructions pool: 
2025-12-01 00:32 - INFO - instruction 0: [
    "Rewrite the complex sentence into simpler, clearer sentences that maintain the original meaning. Break down the information into shorter statements to improve readability.",
    "Transform the complex sentence into a simpler one that expresses the same idea using clearer and more direct language.",
    "Rewrite the sentence using easier words and simpler structure without changing its meaning. Make sure the sentence remains clear and understandable."
]
2025-12-01 00:32 - INFO - instruction 1: [
    "Transform the provided complex sentence into one or more simpler sentences that clearly express the same information individually. Ensure each simplified sentence conveys a distinct part of the original meaning.",
    "Rewrite the sentence to improve clarity and simplicity by making it more direct and complete. Ensure the new version is easier to understand.",
    "Rewrite the given sentence using simpler words and clearer explanations to make it easier to understand, without changing its original meaning."
]
2025-12-01 00:32 - INFO - instruction 2: [
    "Transform the complex sentence into simpler, clearer sentences by dividing the information into smaller segments without changing its meaning. Ensure the original message remains intact throughout.",
    "Rewrite the sentence using clearer and simpler words and sentence structure, while keeping the original meaning intact.",
    "Rewrite the complex sentence using simpler words and sentence structures without changing its original meaning. Keep the meaning intact while making the sentence easier to understand."
]
2025-12-01 00:32 - INFO - instruction 3: [
    "Paraphrase the sentence using easier words and simpler sentence structure without changing its original meaning.",
    "Restate the sentence using easier or more familiar words without altering its meaning.",
    "Break the provided complex sentence into two or more shorter, simpler sentences that clearly and separately express the same information."
]
2025-12-01 00:32 - INFO - instruction 4: [
    "Rewrite the complex sentence into one or more simpler sentences that maintain the original meaning and use clearer, more straightforward language. Break down the information into shorter statements to improve readability.",
    "Transform the provided complex sentence into a simpler one that expresses the same idea with clearer and more direct wording.",
    "Rewrite the sentence using easier words and simpler structure without changing its meaning. Make sure the sentence is clear and straightforward."
]
2025-12-01 00:32 - INFO - instruction 5: [
    "Convert the provided complex sentence into one or more clear, simpler sentences that communicate the same information distinctly.",
    "Rewrite the sentence to improve clarity and simplicity by making it more direct and complete.",
    "Rewrite the sentence using simpler words and clearer language to make it easier to understand, without changing its original meaning."
]
2025-12-01 00:32 - INFO - instruction 6: [
    "Convert the complex sentence into several simpler, clearer sentences by dividing the information into smaller segments without changing its original meaning. Ensure the meaning remains intact throughout the process.",
    "Paraphrase the sentence using easier words and simpler grammar, ensuring the original meaning stays intact.",
    "Simplify the provided complex sentence by using everyday language and straightforward sentence structures without changing its meaning."
]
2025-12-01 00:32 - INFO - instruction 7: [
    "Rewrite the sentence in simpler words and structure without changing its meaning.",
    "Paraphrase the sentence using easier or more familiar words while keeping the original meaning unchanged.",
    "Break down the complex sentence into two or more shorter, simpler sentences that clearly and separately express the same information. Ensure the meaning remains unchanged."
]
2025-12-01 00:32 - INFO - permuted instructions pool: 
2025-12-01 00:32 - INFO - instruction 0: [
    "Rewrite the given complex sentence into a simpler sentence that conveys the same meaning using clearer and more straightforward language.",
    "Rewrite the given complex sentence into one or more simpler sentences that preserve the original meaning but use clearer and more straightforward language. Ensure that information is broken down into shorter statements to enhance readability.",
    "Rewrite the given sentence using simpler vocabulary and sentence structure while preserving the original meaning. Ensure the sentence is clear and easy to understand."
]
2025-12-01 00:32 - INFO - instruction 1: [
    "Rewrite the given sentence to make it easier to understand by using simpler words and clearer descriptions, while preserving the original meaning.",
    "Rewrite the given complex sentence into one or more simpler sentences that convey the same information clearly and separately.",
    "Rewrite the sentence to make it clearer and easier to understand by using a more direct and complete statement."
]
2025-12-01 00:32 - INFO - instruction 2: [
    "Rewrite the given complex sentence into a simpler form by using more common words and simpler sentence structures while preserving the original meaning.",
    "Rewrite the given complex sentence into simpler, clearer sentences by breaking down the information into smaller parts while preserving the original meaning.",
    "Rewrite the given sentence using simpler language and structure while preserving the main idea."
]
2025-12-01 00:32 - INFO - instruction 3: [
    "Rewrite the given complex sentence as two or more shorter, simpler sentences that convey the same information clearly and separately.",
    "Rewrite the sentence using simpler vocabulary and structure while keeping the original meaning intact.",
    "Rewrite the sentence using simpler or more common words without changing its meaning."
]
2025-12-01 00:33 - INFO - 
iter_no = 01, valid_scores = [51.222597937862325, 50.812466332154706, 50.75356707683513, 50.53627654429162, 50.487286550608104, 50.37405412462609, 50.2897515519395, 50.224599960599924, 50.179457642750144, 49.97807721653462, 49.94800275885887, 49.89823415228951, 49.725305712375096, 49.692650808942936, 49.30365677338671, 49.19821708562622, 49.19347149612535, 48.910292613087385, 42.841317052354015]
2025-12-01 00:33 - INFO - --------------------------------------------------------------------------------
2025-12-01 00:33 - INFO - init_valid_score = 50.69
2025-12-01 00:33 - INFO - best_valid_score = 51.22 [ *** BEST *** ]
2025-12-01 00:33 - INFO - --------------------------------------------------------------------------------
2025-12-01 00:33 - INFO - best_instructions = [
    "Favor using concise phrasing with simpler synonyms and avoid adding extra sentences or repeating information. Preserve sentence structure and key vocabulary as closely as possible while simplifying words.",
    "Rewrite the sentence using simpler vocabulary and structure while keeping the original meaning intact.",
    "Rewrite the sentence using simpler or more common words without changing its meaning.",
    "Rewrite the given complex sentence as two or more shorter, simpler sentences that convey the same information clearly and separately."
]
2025-12-01 00:33 - INFO - --------------------------------------------------------------------------------
2025-12-01 00:33 - INFO - instructions pool after beam search, above average and generic algorithm: 
2025-12-01 00:33 - INFO - instruction 0: [
    "Use expressions and word choices exactly as shown in simple examples, avoiding additional details or expansions. Match sentence structures and phrasing closely to maintain minimal differences with ideal simplified forms.",
    "Rewrite the given complex sentence into simpler, clearer sentences by breaking down the information into smaller parts while preserving the original meaning.",
    "Rewrite the given sentence using simpler language and structure while preserving the main idea.",
    "Rewrite the given complex sentence into a simpler form by using more common words and simpler sentence structures while preserving the original meaning."
]
2025-12-01 00:33 - INFO - instruction 1: [
    "Rewrite the given complex sentence into a simpler sentence that conveys the same meaning using clearer and more straightforward language.",
    "Rewrite the given complex sentence into one or more simpler sentences that preserve the original meaning but use clearer and more straightforward language. Ensure that information is broken down into shorter statements to enhance readability.",
    "Rewrite the given sentence using simpler vocabulary and sentence structure while preserving the original meaning. Ensure the sentence is clear and easy to understand."
]
2025-12-01 00:33 - INFO - instruction 2: [
    "Convert the complex sentence into several simpler, clearer sentences by dividing the information into smaller segments without changing its original meaning. Ensure the meaning remains intact throughout the process.",
    "Paraphrase the sentence using easier words and simpler grammar, ensuring the original meaning stays intact.",
    "Simplify the provided complex sentence by using everyday language and straightforward sentence structures without changing its meaning."
]
2025-12-01 00:33 - INFO - instruction 3: [
    "Rewrite the sentence in simpler words and structure without changing its meaning.",
    "Paraphrase the sentence using easier or more familiar words while keeping the original meaning unchanged.",
    "Break down the complex sentence into two or more shorter, simpler sentences that clearly and separately express the same information. Ensure the meaning remains unchanged."
]
2025-12-01 00:33 - INFO - instruction 4: [
    "Favor using concise phrasing with simpler synonyms and avoid adding extra sentences or repeating information. Preserve sentence structure and key vocabulary as closely as possible while simplifying words.",
    "Rewrite the sentence using simpler vocabulary and structure while keeping the original meaning intact.",
    "Rewrite the sentence using simpler or more common words without changing its meaning.",
    "Rewrite the given complex sentence as two or more shorter, simpler sentences that convey the same information clearly and separately."
]
2025-12-01 00:33 - INFO - instruction 5: [
    "Rewrite the given complex sentence into one or more simpler sentences that preserve the original meaning but use clearer and more straightforward language. Ensure that information is broken down into shorter statements to enhance readability.",
    "Rewrite the given complex sentence into a simpler sentence that conveys the same meaning using clearer and more straightforward language.",
    "Rewrite the given sentence using simpler vocabulary and sentence structure while preserving the original meaning. Ensure the sentence is clear and easy to understand."
]
2025-12-01 00:33 - INFO - best_valid_score = 51.22 
2025-12-01 00:33 - INFO - --------------------------------------------------------------------------------
2025-12-01 00:33 - INFO - best_instructions = [
    "Favor using concise phrasing with simpler synonyms and avoid adding extra sentences or repeating information. Preserve sentence structure and key vocabulary as closely as possible while simplifying words.",
    "Rewrite the sentence using simpler vocabulary and structure while keeping the original meaning intact.",
    "Rewrite the sentence using simpler or more common words without changing its meaning.",
    "Rewrite the given complex sentence as two or more shorter, simpler sentences that convey the same information clearly and separately."
]
2025-12-01 00:33 - INFO - --------------------------------------------------------------------------------
2025-12-01 00:35 - INFO - improved instructions pool: 
2025-12-01 00:35 - INFO - instruction 0: [
    "Use expressions and word choices exactly as shown in simple examples, avoiding additional details or expansions. Match sentence structures and phrasing closely to maintain minimal differences with ideal simplified forms.",
    "Rewrite the given complex sentence into simpler, clearer sentences by breaking down the information into smaller parts while preserving the original meaning.",
    "Rewrite the given sentence using simpler language and structure while preserving the main idea.",
    "Rewrite the given complex sentence into a simpler form by using more common words and simpler sentence structures while preserving the original meaning.",
    "Match the original sentence's key phrases and word choices exactly as shown in the examples. When breaking down sentences, preserve the exact wording and sequence used in the ideal simplified forms without adding or changing words."
]
2025-12-01 00:35 - INFO - instruction 1: [
    "Rewrite the sentence using the simplest terms and structures possible, aiming to match common everyday language and phrasing. Use concise, direct statements that avoid extra details or complex forms while preserving the core meaning.",
    "Rewrite the given complex sentence into a simpler sentence that conveys the same meaning using clearer and more straightforward language.",
    "Rewrite the given complex sentence into one or more simpler sentences that preserve the original meaning but use clearer and more straightforward language. Ensure that information is broken down into shorter statements to enhance readability.",
    "Rewrite the given sentence using simpler vocabulary and sentence structure while preserving the original meaning. Ensure the sentence is clear and easy to understand."
]
2025-12-01 00:35 - INFO - instruction 2: [
    "Convert the complex sentence into several simpler, clearer sentences by dividing the information into smaller segments without changing its original meaning. Ensure the meaning remains intact throughout the process.",
    "Paraphrase the sentence using easier words and simpler grammar, ensuring the original meaning stays intact.",
    "Ensure that the simplified sentences are combined into a single, concise sentence closely matching the original sentence's structure and wording. Avoid adding extra explanations or splitting information unnecessarily unless it improves clarity without changing the original phrasing.",
    "Simplify the provided complex sentence by using everyday language and straightforward sentence structures without changing its meaning."
]
2025-12-01 00:35 - INFO - instruction 3: [
    "Rewrite the sentence using concise and natural phrasing that closely matches typical expressions for the given context. Avoid adding extra sentences or repeating information, and keep the output minimal while preserving original meaning.",
    "Rewrite the sentence in simpler words and structure without changing its meaning.",
    "Paraphrase the sentence using easier or more familiar words while keeping the original meaning unchanged.",
    "Break down the complex sentence into two or more shorter, simpler sentences that clearly and separately express the same information. Ensure the meaning remains unchanged."
]
2025-12-01 00:35 - INFO - instruction 4: [
    "Favor using concise phrasing with simpler synonyms and avoid adding extra sentences or repeating information. Preserve sentence structure and key vocabulary as closely as possible while simplifying words.",
    "Rewrite the sentence using simpler vocabulary and structure while keeping the original meaning intact.",
    "Rewrite the sentence using simpler or more common words without changing its meaning.",
    "Rewrite the given complex sentence as two or more shorter, simpler sentences that convey the same information clearly and separately.",
    "Match the sentence structure and word order as closely as possible to the original input, favoring passive voice when present. Replace complex terms with simpler synonyms that are commonly used and maintain the same phrasing style and sentence division as in the source."
]
2025-12-01 00:35 - INFO - instruction 5: [
    "Rewrite the given complex sentence into one or more simpler sentences that preserve the original meaning but use clearer and more straightforward language. Ensure that information is broken down into shorter statements to enhance readability.",
    "Rewrite the given complex sentence into a simpler sentence that conveys the same meaning using clearer and more straightforward language.",
    "Rewrite the given sentence using simpler vocabulary and sentence structure while preserving the original meaning. Ensure the sentence is clear and easy to understand.",
    "Use simpler and more common vocabulary choices and focus on concise expressions by removing unnecessary details to match the brevity and word choice typically preferred. Prefer straightforward phrasing and avoid adding extra explanatory information beyond what is directly stated."
]
2025-12-01 00:35 - INFO - rephrased instructions pool: 
2025-12-01 00:35 - INFO - instruction 0: [
    "Employ the expressions and wording precisely as given in the simple examples, without adding extra details or expansions. Keep sentence structures and phrasing closely aligned to ensure minimal variation from the ideal simplified forms.",
    "Rewrite the given complex sentence into simpler, clearer sentences by breaking down the information into smaller parts while preserving the original meaning.",
    "Rewrite the sentence using simpler words and structure, keeping the original meaning intact.",
    "Rewrite the complex sentence using simpler words and sentence structures, ensuring the original meaning remains unchanged."
]
2025-12-01 00:35 - INFO - instruction 1: [
    "Transform the complex sentence into a simpler one that clearly expresses the same meaning using straightforward language.",
    "Transform the complex sentence into one or more simpler sentences that maintain the original meaning using clearer, more straightforward language. Break the information into shorter statements to improve readability.",
    "Paraphrase the sentence using easier words and simpler structure without changing its meaning. Make sure the sentence is clear and straightforward."
]
2025-12-01 00:35 - INFO - instruction 2: [
    "Rewrite the complex sentence into multiple simpler sentences by breaking down the information into smaller parts, while preserving the original meaning. Make sure the meaning stays accurate and unchanged.",
    "Rewrite the sentence using simpler words and grammar while keeping the same meaning.",
    "Rewrite the given complex sentence using simple, everyday language and clear sentence structures, ensuring the original meaning remains unchanged."
]
2025-12-01 00:35 - INFO - instruction 3: [
    "Rewrite the sentence using simpler words and sentence structure while preserving its original meaning.",
    "Rewrite the sentence using simpler or more common words without changing its original meaning.",
    "Divide the complex sentence into two or more shorter, simpler sentences that convey the same information clearly and separately. Make sure the original meaning is preserved."
]
2025-12-01 00:35 - INFO - instruction 4: [
    "Favor using concise phrasing with simpler synonyms and avoid adding extra sentences or repeating information. Preserve sentence structure and key vocabulary as closely as possible while simplifying words.",
    "Rewrite the sentence with easier words and simpler structure, preserving its original meaning.",
    "Rewrite the sentence using easier or more familiar words while keeping the original meaning intact.",
    "Break down the given complex sentence into two or more shorter, simpler sentences that clearly and separately convey the same information."
]
2025-12-01 00:35 - INFO - instruction 5: [
    "Rewrite the complex sentence into clearer, simpler sentences that maintain the original meaning. Break the information into shorter statements to improve readability.",
    "Rewrite the complex sentence into a simpler one that expresses the same idea with clearer and easier language.",
    "Restate the sentence using easier words and simpler structure without changing its meaning. Make sure the sentence remains clear and straightforward."
]
2025-12-01 00:35 - INFO - instruction 6: [
    "Use expressions and word choices exactly as shown in simple examples, avoiding additional details or expansions. Match sentence structures and phrasing closely to maintain minimal differences with ideal simplified forms.",
    "Transform the given complex sentence into simpler, clearer sentences by dividing the information into smaller segments without changing the original meaning. Ensure the rewritten version remains true to the initial intent.",
    "Rewrite the sentence using easier words and simpler grammar, keeping the original meaning intact.",
    "Rewrite the complex sentence using simpler words and sentence structures without changing its original meaning."
]
2025-12-01 00:35 - INFO - instruction 7: [
    "Rewrite the complex sentence using clearer, simpler language while maintaining its original meaning.",
    "Rewrite the complex sentence into simpler, clearer sentences that maintain the original meaning. Break the information into shorter statements to improve readability.",
    "Paraphrase the sentence using easier words and simpler structure without changing its meaning. Make sure the sentence remains clear and straightforward."
]
2025-12-01 00:35 - INFO - instruction 8: [
    "Rewrite the complex sentence as multiple simpler and clearer sentences by breaking down the information into smaller parts without altering its original meaning. Make sure the meaning stays consistent throughout.",
    "Rewrite the sentence with simpler words and grammar while keeping the same meaning. Make sure the original idea remains clear.",
    "Rewrite the complex sentence using simple, everyday language and clear sentence structures while preserving its original meaning."
]
2025-12-01 00:35 - INFO - instruction 9: [
    "Paraphrase the sentence using simpler vocabulary and sentence structure while preserving its original meaning.",
    "Rewrite the sentence using simpler or more common words without changing its original meaning.",
    "Rewrite the complex sentence as two or more shorter, simpler sentences that clearly convey the same information without altering the meaning. Make sure each sentence expresses a distinct part of the original content."
]
2025-12-01 00:35 - INFO - instruction 10: [
    "Prefer concise wording with simpler synonyms, avoiding additional sentences or repetition. Maintain the original sentence structure and key terms as much as possible while simplifying language.",
    "Paraphrase the sentence using easier words and simpler grammar without changing its meaning.",
    "Reword the sentence with easier or more familiar words while keeping the same meaning.",
    "Rewrite the given complex sentence as two or more shorter, simpler sentences that convey the same information clearly and separately."
]
2025-12-01 00:35 - INFO - instruction 11: [
    "Rewrite the complex sentence into one or more simpler sentences that maintain the original meaning using clearer, more straightforward language. Break down the information into shorter statements to improve readability.",
    "Rewrite the complex sentence into a simpler one that expresses the same meaning with clearer and more direct language.",
    "Rewrite the sentence using easier words and simpler structure without changing its meaning. Make sure the sentence remains clear and straightforward."
]
2025-12-01 00:35 - INFO - permuted instructions pool: 
2025-12-01 00:35 - INFO - instruction 0: [
    "Rewrite the given complex sentence into simpler, clearer sentences by breaking down the information into smaller parts while preserving the original meaning.",
    "Rewrite the given sentence using simpler language and structure while preserving the main idea.",
    "Use expressions and word choices exactly as shown in simple examples, avoiding additional details or expansions. Match sentence structures and phrasing closely to maintain minimal differences with ideal simplified forms.",
    "Rewrite the given complex sentence into a simpler form by using more common words and simpler sentence structures while preserving the original meaning."
]
2025-12-01 00:35 - INFO - instruction 1: [
    "Rewrite the given complex sentence into one or more simpler sentences that preserve the original meaning but use clearer and more straightforward language. Ensure that information is broken down into shorter statements to enhance readability.",
    "Rewrite the given sentence using simpler vocabulary and sentence structure while preserving the original meaning. Ensure the sentence is clear and easy to understand.",
    "Rewrite the given complex sentence into a simpler sentence that conveys the same meaning using clearer and more straightforward language."
]
2025-12-01 00:35 - INFO - instruction 2: [
    "Paraphrase the sentence using easier words and simpler grammar, ensuring the original meaning stays intact.",
    "Convert the complex sentence into several simpler, clearer sentences by dividing the information into smaller segments without changing its original meaning. Ensure the meaning remains intact throughout the process.",
    "Simplify the provided complex sentence by using everyday language and straightforward sentence structures without changing its meaning."
]
2025-12-01 00:35 - INFO - instruction 3: [
    "Break down the complex sentence into two or more shorter, simpler sentences that clearly and separately express the same information. Ensure the meaning remains unchanged.",
    "Paraphrase the sentence using easier or more familiar words while keeping the original meaning unchanged.",
    "Rewrite the sentence in simpler words and structure without changing its meaning."
]
2025-12-01 00:35 - INFO - instruction 4: [
    "Rewrite the sentence using simpler vocabulary and structure while keeping the original meaning intact.",
    "Favor using concise phrasing with simpler synonyms and avoid adding extra sentences or repeating information. Preserve sentence structure and key vocabulary as closely as possible while simplifying words.",
    "Rewrite the sentence using simpler or more common words without changing its meaning.",
    "Rewrite the given complex sentence as two or more shorter, simpler sentences that convey the same information clearly and separately."
]
2025-12-01 00:35 - INFO - instruction 5: [
    "Rewrite the given complex sentence into a simpler sentence that conveys the same meaning using clearer and more straightforward language.",
    "Rewrite the given sentence using simpler vocabulary and sentence structure while preserving the original meaning. Ensure the sentence is clear and easy to understand.",
    "Rewrite the given complex sentence into one or more simpler sentences that preserve the original meaning but use clearer and more straightforward language. Ensure that information is broken down into shorter statements to enhance readability."
]
